#
# A fatal error has been detected by the Java Runtime Environment:
#
#  SIGSEGV (0xb) at pc=0x00007587f09df68e, pid=50340, tid=0x00007587d2ded640
#
# JRE version: OpenJDK Runtime Environment (8.0_382-b05) (build 1.8.0_382-b05)
# Java VM: OpenJDK 64-Bit Server VM (25.382-b05 mixed mode linux-amd64 compressed oops)
# Problematic frame:
# V  [libjvm.so+0x9df68e]  oopDesc* PSPromotionManager::copy_to_survivor_space<false>(oopDesc*)+0x21e
#
# Failed to write core dump. Core dumps have been disabled. To enable core dumping, try "ulimit -c unlimited" before starting Java again
#
# If you would like to submit a bug report, please visit:
#   https://github.com/corretto/corretto-8/issues/
#

---------------  T H R E A D  ---------------

Current thread (0x00007587e81cd800):  VMThread [stack: 0x00007587d2cee000,0x00007587d2dee000] [id=50350]

siginfo: si_signo: 11 (SIGSEGV), si_code: 1 (SEGV_MAPERR), si_addr: 0x00000000000033ac

Registers:
RAX=0x00000000000033ac, RBX=0x00007587e81cafc0, RCX=0x0000000000000003, RDX=0x0000000000000001
RSP=0x00007587d2dec320, RBP=0x00007587d2dec390, RSI=0x0000000761570020, RDI=0x00007587e81cafc0
R8 =0x00007587f100ff80, R9 =0x00000007a3df88a5, R10=0x00000000000033ac, R11=0x0000000000000000
R12=0x0000000761570020, R13=0x00007587e81cafc0, R14=0x0000000000000002, R15=0x0000000000000002
RIP=0x00007587f09df68e, EFLAGS=0x0000000000010206, CSGSFS=0x002b000000000033, ERR=0x0000000000000004
  TRAPNO=0x000000000000000e

Top of Stack: (sp=0x00007587d2dec320)
0x00007587d2dec320:   00000000fbad8001 00007587d2dec860
0x00007587d2dec330:   0000000000000078 0000000000000001
0x00007587d2dec340:   0000000000000001 0000000700000000
0x00007587d2dec350:   00000007a3df18a8 0000000000001000
0x00007587d2dec360:   0000000000000007 00007587e81cafc0
0x00007587d2dec370:   00000007a3df888c 0000000000000001
0x00007587d2dec380:   00007587e81cb060 00007587f100ff90
0x00007587d2dec390:   00007587d2dec3f0 00007587f09df0c8
0x00007587d2dec3a0:   00007587f103ab60 0000000000000000
0x00007587d2dec3b0:   00000007a2bbdcb8 0000000000001000
0x00007587d2dec3c0:   0000000000000001 00007587d2dec700
0x00007587d2dec3d0:   00000007a2703f40 00007587e81cdf80
0x00007587d2dec3e0:   00007587d2dec710 00007587d2dec710
0x00007587d2dec3f0:   00007587d2dec410 00007587f09e2c6a
0x00007587d2dec400:   00007587f102e19b 00007587f102e19b
0x00007587d2dec410:   00007587d2dec490 00007587f09e9fb2
0x00007587d2dec420:   00007587d2dec490 00000000000083b0
0x00007587d2dec430:   00007587d2dec700 00007587882d0e08
0x00007587d2dec440:   00007587882c95b0 00007587e81cdf80
0x00007587d2dec450:   00007587882c8e20 00000007a1c12c80
0x00007587d2dec460:   00007587f0bd9e70 00007587e8008f90
0x00007587d2dec470:   00007587e80a7d00 00007587f103aa80
0x00007587d2dec480:   00007587d2dec710 0000000000000001
0x00007587d2dec490:   00007587d2dec510 00007587f09ea924
0x00007587d2dec4a0:   00007587d2dec4e0 00000000f0aebd6e
0x00007587d2dec4b0:   0000000000015120 00007587d2dec700
0x00007587d2dec4c0:   00007587f0bd9e70 00007587d2dec578
0x00007587d2dec4d0:   0000000000000043 00007587e8008f90
0x00007587d2dec4e0:   00007587d2dec510 00007587d2dec560
0x00007587d2dec4f0:   00007587d2dec700 0000000000000000
0x00007587d2dec500:   00007587d2dec6b0 00007587e8008f90
0x00007587d2dec510:   00007587d2dec5c0 00007587f09eaf55 

Instructions: (pc=0x00007587f09df68e)
0x00007587f09df66e:   92 e8 00 00 00 4c 8b 55 b8 41 89 c6 41 f6 c2 01
0x00007587f09df67e:   4d 63 fe 4c 89 d0 0f 85 6e ff ff ff 48 83 e0 fd
0x00007587f09df68e:   48 8b 00 48 c1 e8 03 83 e0 0f 89 c1 89 45 b8 48
0x00007587f09df69e:   8d 05 b4 b5 65 00 3b 08 0f 82 67 ff ff ff 49 8b 

Register to memory mapping:

RAX=0x00000000000033ac is an unknown value
RBX=0x00007587e81cafc0 is an unknown value
RCX=0x0000000000000003 is an unknown value
RDX=0x0000000000000001 is an unknown value
RSP=0x00007587d2dec320 is an unknown value
RBP=0x00007587d2dec390 is an unknown value
RSI=0x0000000761570020 is an oop
java.util.jar.Attributes 
 - klass: 'java/util/jar/Attributes'
RDI=0x00007587e81cafc0 is an unknown value
R8 =0x00007587f100ff80: <offset 0x100ff80> in /home/kasun/.sdkman/candidates/java/8.0.382-amzn/jre/lib/amd64/server/libjvm.so at 0x00007587f0000000
R9 =0x00000007a3df88a5 is an unknown value
R10=0x00000000000033ac is an unknown value
R11=0x0000000000000000 is an unknown value
R12=0x0000000761570020 is an oop
java.util.jar.Attributes 
 - klass: 'java/util/jar/Attributes'
R13=0x00007587e81cafc0 is an unknown value
R14=0x0000000000000002 is an unknown value
R15=0x0000000000000002 is an unknown value


Stack: [0x00007587d2cee000,0x00007587d2dee000],  sp=0x00007587d2dec320,  free space=1016k
Native frames: (J=compiled Java code, j=interpreted, Vv=VM code, C=native code)
V  [libjvm.so+0x9df68e]  oopDesc* PSPromotionManager::copy_to_survivor_space<false>(oopDesc*)+0x21e
V  [libjvm.so+0x9df0c8]  PSPromotionManager::drain_stacks_depth(bool)+0x7c8
V  [libjvm.so+0x9e2c6a]  PSEvacuateFollowersClosure::do_void()+0x1a
V  [libjvm.so+0x9e9fb2]  ReferenceProcessor::process_phase3(DiscoveredList&, bool, BoolObjectClosure*, OopClosure*, VoidClosure*)+0x192
V  [libjvm.so+0x9ea924]  ReferenceProcessor::process_discovered_reflist(DiscoveredList*, ReferencePolicy*, bool, BoolObjectClosure*, OopClosure*, VoidClosure*, AbstractRefProcTaskExecutor*) [clone .constprop.46]+0x1c4
V  [libjvm.so+0x9eaf55]  ReferenceProcessor::process_discovered_references(BoolObjectClosure*, OopClosure*, VoidClosure*, AbstractRefProcTaskExecutor*, GCTimer*, GCId)+0x175
V  [libjvm.so+0x9e1bcb]  PSScavenge::invoke_no_policy()+0xaab
V  [libjvm.so+0x9e287c]  PSScavenge::invoke()+0x4c
V  [libjvm.so+0xb3ec85]  VM_ParallelGCSystemGC::doit()+0x105
V  [libjvm.so+0xb44860]  VM_Operation::evaluate()+0x50
V  [libjvm.so+0xb426ae]  VMThread::evaluate_operation(VM_Operation*) [clone .constprop.58]+0xbe
V  [libjvm.so+0xb42b7b]  VMThread::loop()+0x3ab
V  [libjvm.so+0xb42f80]  VMThread::run()+0x80
V  [libjvm.so+0x9651f2]  java_start(Thread*)+0xe2

VM_Operation (0x00007587c3afd730): ParallelGCSystemGC, mode: safepoint, requested by thread 0x000075876487e800


---------------  P R O C E S S  ---------------

Java Threads: ( => current thread )
  0x0000758752f35000 JavaThread "pool-37-thread-8" [_thread_blocked, id=52154, stack(0x00007587b983c000,0x00007587b993c000)]
  0x0000758752e9d000 JavaThread "pool-37-thread-7" [_thread_blocked, id=52153, stack(0x00007587b8b76000,0x00007587b8c76000)]
  0x0000758752e9c000 JavaThread "pool-37-thread-6" [_thread_blocked, id=52152, stack(0x00007587bb6cd000,0x00007587bb7cd000)]
  0x0000758752e9b800 JavaThread "pool-37-thread-5" [_thread_blocked, id=52151, stack(0x00007587c07e5000,0x00007587c08e5000)]
  0x0000758752e9a800 JavaThread "pool-37-thread-4" [_thread_blocked, id=52150, stack(0x00007587c0de5000,0x00007587c0ee5000)]
  0x0000758752e9a000 JavaThread "pool-37-thread-3" [_thread_blocked, id=52148, stack(0x00007587c06e5000,0x00007587c07e5000)]
  0x0000758752e99000 JavaThread "pool-37-thread-2" [_thread_blocked, id=52147, stack(0x00007587b8c76000,0x00007587b8d76000)]
  0x00007586ec0de800 JavaThread "pool-37-thread-1" [_thread_blocked, id=52146, stack(0x00007587bb5cd000,0x00007587bb6cd000)]
  0x0000758764881800 JavaThread "BuilderThread 6" [_thread_blocked, id=50377, stack(0x00007587c23ea000,0x00007587c24ea000)]
  0x000075876487e800 JavaThread "BuilderThread 5" [_thread_blocked, id=50373, stack(0x00007587c3a00000,0x00007587c3b00000)]
  0x000075876487c800 JavaThread "BuilderThread 4" [_thread_blocked, id=50372, stack(0x00007587c3b00000,0x00007587c3c00000)]
  0x000075876487b000 JavaThread "BuilderThread 3" [_thread_blocked, id=50371, stack(0x00007587c3c00000,0x00007587c3d00000)]
  0x0000758764879800 JavaThread "BuilderThread 2" [_thread_blocked, id=50370, stack(0x00007587c3d00000,0x00007587c3e00000)]
  0x0000758764878800 JavaThread "BuilderThread 1" [_thread_blocked, id=50369, stack(0x00007587d0500000,0x00007587d0600000)]
  0x0000758764870800 JavaThread "BuilderThread 0" [_thread_blocked, id=50368, stack(0x00007587d0e00000,0x00007587d0f00000)]
  0x0000758764062000 JavaThread "Thread-5" [_thread_in_native, id=50367, stack(0x00007587d08b5000,0x00007587d09b5000)]
  0x000075876405f800 JavaThread "Thread-4" [_thread_blocked, id=50366, stack(0x00007587d0cd5000,0x00007587d0dd5000)]
  0x000075877000a000 JavaThread "Thread-2" [_thread_blocked, id=50362, stack(0x00007587d0bb5000,0x00007587d0cb5000)]
  0x00007587e8db6000 JavaThread "Thread-1" [_thread_blocked, id=50361, stack(0x00007587d1100000,0x00007587d1200000)]
  0x00007587e8dbb000 JavaThread "pool-1-thread-1" [_thread_blocked, id=50360, stack(0x00007587d14fd000,0x00007587d15fd000)]
  0x00007587e82d3000 JavaThread "Service Thread" daemon [_thread_blocked, id=50358, stack(0x00007587d1efe000,0x00007587d1ffe000)]
  0x00007587e82c5800 JavaThread "C1 CompilerThread3" daemon [_thread_blocked, id=50357, stack(0x00007587d1fff000,0x00007587d20ff000)]
  0x00007587e82c3000 JavaThread "C2 CompilerThread2" daemon [_thread_in_native, id=50356, stack(0x00007587d2100000,0x00007587d2200000)]
  0x00007587e828d000 JavaThread "C2 CompilerThread1" daemon [_thread_in_native, id=50355, stack(0x00007587d2500000,0x00007587d2600000)]
  0x00007587e828b800 JavaThread "C2 CompilerThread0" daemon [_thread_blocked, id=50354, stack(0x00007587d28ed000,0x00007587d29ed000)]
  0x00007587e820e000 JavaThread "Signal Dispatcher" daemon [_thread_blocked, id=50353, stack(0x00007587d29ed000,0x00007587d2aed000)]
  0x00007587e81dc000 JavaThread "Finalizer" daemon [_thread_blocked, id=50352, stack(0x00007587d2aed000,0x00007587d2bed000)]
  0x00007587e81d7800 JavaThread "Reference Handler" daemon [_thread_blocked, id=50351, stack(0x00007587d2bed000,0x00007587d2ced000)]
  0x00007587e800e000 JavaThread "main" [_thread_blocked, id=50341, stack(0x00007587f1500000,0x00007587f1600000)]

Other Threads:
=>0x00007587e81cd800 VMThread [stack: 0x00007587d2cee000,0x00007587d2dee000] [id=50350]
  0x00007587e82d5800 WatcherThread [stack: 0x00007587d1dfe000,0x00007587d1efe000] [id=50359]

VM state:at safepoint (normal execution)

VM Mutex/Monitor currently owned by a thread:  ([mutex/lock_event])
[0x00007587e800c4b0] Threads_lock - owner thread: 0x00007587e81cd800
[0x00007587e800c9b0] Heap_lock - owner thread: 0x000075876487e800

heap address: 0x000000064ce00000, size: 5938 MB, Compressed Oops mode: Zero based, Oop shift amount: 3
Narrow klass base: 0x0000000000000000, Narrow klass shift: 3
Compressed class space size: 1073741824 Address: 0x00000007c0000000

Heap:
 PSYoungGen      total 1766400K, used 1641564K [0x0000000744500000, 0x00000007be180000, 0x00000007c0000000)
  eden space 1530368K, 100% used [0x0000000744500000,0x00000007a1b80000,0x00000007a1b80000)
  from space 236032K, 47% used [0x00000007afb00000,0x00000007b6797078,0x00000007be180000)
  to   space 228864K, 15% used [0x00000007a1b80000,0x00000007a3df98a8,0x00000007afb00000)
 ParOldGen       total 751104K, used 662603K [0x000000064ce00000, 0x000000067ab80000, 0x0000000744500000)
  object space 751104K, 88% used [0x000000064ce00000,0x0000000675512f68,0x000000067ab80000)
 Metaspace       used 104927K, capacity 110358K, committed 110552K, reserved 1146880K
  class space    used 12054K, capacity 13238K, committed 13312K, reserved 1048576K

Card table byte_map: [0x00007587edaa6000,0x00007587ee640000] byte_map_base: 0x00007587ea83f000

Marking Bits: (ParMarkBitMap*) 0x00007587f103a720
 Begin Bits: [0x0000758798670000, 0x000075879e338000)
 End Bits:   [0x000075879e338000, 0x00007587a4000000)

Polling page: 0x00007587f1967000

CodeCache: size=245760Kb used=85158Kb max_used=85175Kb free=160601Kb
 bounds [0x00007587d9000000, 0x00007587de3b0000, 0x00007587e8000000]
 total_blobs=21820 nmethods=21024 adapters=707
 compilation: enabled

Compilation events (10 events):
Event: 267.772 Thread 0x00007587e82c5800 nmethod 29477 0x00007587d979c550 code [0x00007587d979c6e0, 0x00007587d979cb48]
Event: 267.778 Thread 0x00007587e828b800 29482       4       org.objectweb.asm.Type::getElementType (23 bytes)
Event: 267.785 Thread 0x00007587e828b800 nmethod 29482 0x00007587d9e8f750 code [0x00007587d9e8fb00, 0x00007587d9e8ffe8]
Event: 267.790 Thread 0x00007587e82c5800 29484       1       com.google.inject.util.Providers$ConstantProvider::get (5 bytes)
Event: 267.791 Thread 0x00007587e828b800 29483       4       org.objectweb.asm.Label::accept (65 bytes)
Event: 267.791 Thread 0x00007587e82c5800 nmethod 29484 0x00007587de323950 code [0x00007587de323aa0, 0x00007587de323bb0]
Event: 267.794 Thread 0x00007587e828b800 nmethod 29483 0x00007587d9192bd0 code [0x00007587d9192d40, 0x00007587d9192f58]
Event: 267.827 Thread 0x00007587e82c5800 29485       3       org.apache.commons.compress.archivers.zip.StreamCompressor::<init> (54 bytes)
Event: 267.828 Thread 0x00007587e82c5800 nmethod 29485 0x00007587da0ef990 code [0x00007587da0efb20, 0x00007587da0eff90]
Event: 267.843 Thread 0x00007587e82c5800 29486       3       java.lang.StringCoding$StringEncoder::<init> (7 bytes)

GC Heap History (10 events):
Event: 264.347 GC heap after
Heap after GC invocations=63 (full 5):
 PSYoungGen      total 1742336K, used 55513K [0x0000000744500000, 0x00000007bf800000, 0x00000007c0000000)
  eden space 1476608K, 0% used [0x0000000744500000,0x0000000744500000,0x000000079e700000)
  from space 265728K, 20% used [0x00000007af480000,0x00000007b2ab6548,0x00000007bf800000)
  to   space 270848K, 0% used [0x000000079e700000,0x000000079e700000,0x00000007aef80000)
 ParOldGen       total 751104K, used 618309K [0x000000064ce00000, 0x000000067ab80000, 0x0000000744500000)
  object space 751104K, 82% used [0x000000064ce00000,0x00000006729d1528,0x000000067ab80000)
 Metaspace       used 104807K, capacity 110258K, committed 110552K, reserved 1146880K
  class space    used 12048K, capacity 13232K, committed 13312K, reserved 1048576K
}
Event: 264.897 GC heap before
{Heap before GC invocations=64 (full 5):
 PSYoungGen      total 1742336K, used 1532121K [0x0000000744500000, 0x00000007bf800000, 0x00000007c0000000)
  eden space 1476608K, 100% used [0x0000000744500000,0x000000079e700000,0x000000079e700000)
  from space 265728K, 20% used [0x00000007af480000,0x00000007b2ab6548,0x00000007bf800000)
  to   space 270848K, 0% used [0x000000079e700000,0x000000079e700000,0x00000007aef80000)
 ParOldGen       total 751104K, used 618352K [0x000000064ce00000, 0x000000067ab80000, 0x0000000744500000)
  object space 751104K, 82% used [0x000000064ce00000,0x00000006729dc310,0x000000067ab80000)
 Metaspace       used 104808K, capacity 110258K, committed 110552K, reserved 1146880K
  class space    used 12048K, capacity 13232K, committed 13312K, reserved 1048576K
Event: 264.946 GC heap after
Heap after GC invocations=64 (full 5):
 PSYoungGen      total 1596928K, used 120049K [0x0000000744500000, 0x00000007be900000, 0x00000007c0000000)
  eden space 1476608K, 0% used [0x0000000744500000,0x0000000744500000,0x000000079e700000)
  from space 120320K, 99% used [0x000000079e700000,0x00000007a5c3c730,0x00000007a5c80000)
  to   space 256512K, 0% used [0x00000007aee80000,0x00000007aee80000,0x00000007be900000)
 ParOldGen       total 751104K, used 627345K [0x000000064ce00000, 0x000000067ab80000, 0x0000000744500000)
  object space 751104K, 83% used [0x000000064ce00000,0x00000006732a47c0,0x000000067ab80000)
 Metaspace       used 104808K, capacity 110258K, committed 110552K, reserved 1146880K
  class space    used 12048K, capacity 13232K, committed 13312K, reserved 1048576K
}
Event: 265.590 GC heap before
{Heap before GC invocations=65 (full 5):
 PSYoungGen      total 1596928K, used 1596657K [0x0000000744500000, 0x00000007be900000, 0x00000007c0000000)
  eden space 1476608K, 100% used [0x0000000744500000,0x000000079e700000,0x000000079e700000)
  from space 120320K, 99% used [0x000000079e700000,0x00000007a5c3c730,0x00000007a5c80000)
  to   space 256512K, 0% used [0x00000007aee80000,0x00000007aee80000,0x00000007be900000)
 ParOldGen       total 751104K, used 627366K [0x000000064ce00000, 0x000000067ab80000, 0x0000000744500000)
  object space 751104K, 83% used [0x000000064ce00000,0x00000006732a9bd0,0x000000067ab80000)
 Metaspace       used 104821K, capacity 110258K, committed 110552K, reserved 1146880K
  class space    used 12048K, capacity 13232K, committed 13312K, reserved 1048576K
Event: 265.666 GC heap after
Heap after GC invocations=65 (full 5):
 PSYoungGen      total 1753088K, used 138664K [0x0000000744500000, 0x00000007c0000000, 0x00000007c0000000)
  eden space 1496576K, 0% used [0x0000000744500000,0x0000000744500000,0x000000079fa80000)
  from space 256512K, 54% used [0x00000007aee80000,0x00000007b75ea0c0,0x00000007be900000)
  to   space 249856K, 0% used [0x000000079fa80000,0x000000079fa80000,0x00000007aee80000)
 ParOldGen       total 751104K, used 635507K [0x000000064ce00000, 0x000000067ab80000, 0x0000000744500000)
  object space 751104K, 84% used [0x000000064ce00000,0x0000000673a9ccd8,0x000000067ab80000)
 Metaspace       used 104821K, capacity 110258K, committed 110552K, reserved 1146880K
  class space    used 12048K, capacity 13232K, committed 13312K, reserved 1048576K
}
Event: 266.310 GC heap before
{Heap before GC invocations=66 (full 5):
 PSYoungGen      total 1753088K, used 1635240K [0x0000000744500000, 0x00000007c0000000, 0x00000007c0000000)
  eden space 1496576K, 100% used [0x0000000744500000,0x000000079fa80000,0x000000079fa80000)
  from space 256512K, 54% used [0x00000007aee80000,0x00000007b75ea0c0,0x00000007be900000)
  to   space 249856K, 0% used [0x000000079fa80000,0x000000079fa80000,0x00000007aee80000)
 ParOldGen       total 751104K, used 635532K [0x000000064ce00000, 0x000000067ab80000, 0x0000000744500000)
  object space 751104K, 84% used [0x000000064ce00000,0x0000000673aa30c0,0x000000067ab80000)
 Metaspace       used 104827K, capacity 110258K, committed 110552K, reserved 1146880K
  class space    used 12048K, capacity 13232K, committed 13312K, reserved 1048576K
Event: 266.362 GC heap after
Heap after GC invocations=66 (full 5):
 PSYoungGen      total 1746432K, used 108233K [0x0000000744500000, 0x00000007be480000, 0x00000007c0000000)
  eden space 1496576K, 0% used [0x0000000744500000,0x0000000744500000,0x000000079fa80000)
  from space 249856K, 43% used [0x000000079fa80000,0x00000007a6432700,0x00000007aee80000)
  to   space 239104K, 0% used [0x00000007afb00000,0x00000007afb00000,0x00000007be480000)
 ParOldGen       total 751104K, used 643941K [0x000000064ce00000, 0x000000067ab80000, 0x0000000744500000)
  object space 751104K, 85% used [0x000000064ce00000,0x00000006742d97f8,0x000000067ab80000)
 Metaspace       used 104827K, capacity 110258K, committed 110552K, reserved 1146880K
  class space    used 12048K, capacity 13232K, committed 13312K, reserved 1048576K
}
Event: 266.972 GC heap before
{Heap before GC invocations=67 (full 5):
 PSYoungGen      total 1746432K, used 1604809K [0x0000000744500000, 0x00000007be480000, 0x00000007c0000000)
  eden space 1496576K, 100% used [0x0000000744500000,0x000000079fa80000,0x000000079fa80000)
  from space 249856K, 43% used [0x000000079fa80000,0x00000007a6432700,0x00000007aee80000)
  to   space 239104K, 0% used [0x00000007afb00000,0x00000007afb00000,0x00000007be480000)
 ParOldGen       total 751104K, used 643969K [0x000000064ce00000, 0x000000067ab80000, 0x0000000744500000)
  object space 751104K, 85% used [0x000000064ce00000,0x00000006742e0610,0x000000067ab80000)
 Metaspace       used 104827K, capacity 110258K, committed 110552K, reserved 1146880K
  class space    used 12048K, capacity 13232K, committed 13312K, reserved 1048576K
Event: 267.016 GC heap after
Heap after GC invocations=67 (full 5):
 PSYoungGen      total 1766400K, used 111196K [0x0000000744500000, 0x00000007be180000, 0x00000007c0000000)
  eden space 1530368K, 0% used [0x0000000744500000,0x0000000744500000,0x00000007a1b80000)
  from space 236032K, 47% used [0x00000007afb00000,0x00000007b6797078,0x00000007be180000)
  to   space 228864K, 0% used [0x00000007a1b80000,0x00000007a1b80000,0x00000007afb00000)
 ParOldGen       total 751104K, used 651123K [0x000000064ce00000, 0x000000067ab80000, 0x0000000744500000)
  object space 751104K, 86% used [0x000000064ce00000,0x00000006749dcc58,0x000000067ab80000)
 Metaspace       used 104827K, capacity 110258K, committed 110552K, reserved 1146880K
  class space    used 12048K, capacity 13232K, committed 13312K, reserved 1048576K
}
Event: 267.844 GC heap before
{Heap before GC invocations=68 (full 5):
 PSYoungGen      total 1766400K, used 1641564K [0x0000000744500000, 0x00000007be180000, 0x00000007c0000000)
  eden space 1530368K, 100% used [0x0000000744500000,0x00000007a1b80000,0x00000007a1b80000)
  from space 236032K, 47% used [0x00000007afb00000,0x00000007b6797078,0x00000007be180000)
  to   space 228864K, 0% used [0x00000007a1b80000,0x00000007a1b80000,0x00000007afb00000)
 ParOldGen       total 751104K, used 657265K [0x000000064ce00000, 0x000000067ab80000, 0x0000000744500000)
  object space 751104K, 87% used [0x000000064ce00000,0x0000000674fdc6e0,0x000000067ab80000)
 Metaspace       used 104927K, capacity 110358K, committed 110552K, reserved 1146880K
  class space    used 12054K, capacity 13238K, committed 13312K, reserved 1048576K

Deoptimization events (10 events):
Event: 267.667 Thread 0x000075876487b000 Uncommon trap: reason=unstable_if action=reinterpret pc=0x00007587de25d7b0 method=org.objectweb.asm.ClassReader.readField(Lorg/objectweb/asm/ClassVisitor;Lorg/objectweb/asm/Context;I)I @ 471
Event: 267.669 Thread 0x000075876487b000 Uncommon trap: reason=unstable_if action=reinterpret pc=0x00007587de17bda4 method=org.objectweb.asm.AnnotationWriter.computeAnnotationsSize(Lorg/objectweb/asm/AnnotationWriter;Lorg/objectweb/asm/AnnotationWriter;Lorg/objectweb/asm/AnnotationWriter;Lorg/ob
Event: 267.669 Thread 0x000075876487b000 Uncommon trap: reason=unstable_if action=reinterpret pc=0x00007587de0350dc method=org.objectweb.asm.FieldWriter.putFieldInfo(Lorg/objectweb/asm/ByteVector;)V @ 135
Event: 267.682 Thread 0x000075876487b000 Uncommon trap: reason=unstable_if action=reinterpret pc=0x00007587de00fdf4 method=org.objectweb.asm.AnnotationWriter.computeAnnotationsSize(Lorg/objectweb/asm/AnnotationWriter;Lorg/objectweb/asm/AnnotationWriter;Lorg/objectweb/asm/AnnotationWriter;Lorg/ob
Event: 267.746 Thread 0x000075876487c800 Uncommon trap: reason=array_check action=maybe_recompile pc=0x00007587de251330 method=java.util.TimSort.mergeLo(IIII)V @ 245
Event: 267.746 Thread 0x000075876487c800 Uncommon trap: reason=array_check action=maybe_recompile pc=0x00007587de251330 method=java.util.TimSort.mergeLo(IIII)V @ 245
Event: 267.751 Thread 0x000075876487c800 Uncommon trap: reason=unstable_if action=reinterpret pc=0x00007587db59ee88 method=org.objectweb.asm.Label.addLineNumber(I)V @ 4
Event: 267.751 Thread 0x000075876487c800 Uncommon trap: reason=unstable_if action=reinterpret pc=0x00007587da9746d4 method=org.objectweb.asm.Label.accept(Lorg/objectweb/asm/MethodVisitor;Z)V @ 32
Event: 267.752 Thread 0x000075876487c800 Uncommon trap: reason=unstable_if action=reinterpret pc=0x00007587da6e083c method=org.objectweb.asm.Label.addLineNumber(I)V @ 4
Event: 267.752 Thread 0x000075876487c800 Uncommon trap: reason=unstable_if action=reinterpret pc=0x00007587da9c3be8 method=org.objectweb.asm.Label.accept(Lorg/objectweb/asm/MethodVisitor;Z)V @ 32

Classes redefined (0 events):
No events

Internal exceptions (10 events):
Event: 267.538 Thread 0x0000758764878800 Exception <a 'sun/nio/fs/UnixException'> (0x000000077eb5db68) thrown at [/home/jenkins/node/workspace/Corretto8/generic_linux/x64/build/Corretto8Src/installers/linux/universal/tar/corretto-build/buildRoot/hotspot/src/share/vm/prims/jni.cpp, line 709]
Event: 267.538 Thread 0x0000758764878800 Exception <a 'sun/nio/fs/UnixException'> (0x000000077eb68050) thrown at [/home/jenkins/node/workspace/Corretto8/generic_linux/x64/build/Corretto8Src/installers/linux/universal/tar/corretto-build/buildRoot/hotspot/src/share/vm/prims/jni.cpp, line 709]
Event: 267.538 Thread 0x0000758764878800 Exception <a 'sun/nio/fs/UnixException'> (0x000000077eb72530) thrown at [/home/jenkins/node/workspace/Corretto8/generic_linux/x64/build/Corretto8Src/installers/linux/universal/tar/corretto-build/buildRoot/hotspot/src/share/vm/prims/jni.cpp, line 709]
Event: 267.538 Thread 0x0000758764878800 Exception <a 'sun/nio/fs/UnixException'> (0x000000077eb7c3e8) thrown at [/home/jenkins/node/workspace/Corretto8/generic_linux/x64/build/Corretto8Src/installers/linux/universal/tar/corretto-build/buildRoot/hotspot/src/share/vm/prims/jni.cpp, line 709]
Event: 267.538 Thread 0x0000758764878800 Exception <a 'sun/nio/fs/UnixException'> (0x000000077eb866e0) thrown at [/home/jenkins/node/workspace/Corretto8/generic_linux/x64/build/Corretto8Src/installers/linux/universal/tar/corretto-build/buildRoot/hotspot/src/share/vm/prims/jni.cpp, line 709]
Event: 267.539 Thread 0x0000758764878800 Exception <a 'sun/nio/fs/UnixException'> (0x000000077eb90988) thrown at [/home/jenkins/node/workspace/Corretto8/generic_linux/x64/build/Corretto8Src/installers/linux/universal/tar/corretto-build/buildRoot/hotspot/src/share/vm/prims/jni.cpp, line 709]
Event: 267.539 Thread 0x0000758764878800 Exception <a 'sun/nio/fs/UnixException'> (0x000000077eb9ad68) thrown at [/home/jenkins/node/workspace/Corretto8/generic_linux/x64/build/Corretto8Src/installers/linux/universal/tar/corretto-build/buildRoot/hotspot/src/share/vm/prims/jni.cpp, line 709]
Event: 267.539 Thread 0x0000758764878800 Exception <a 'sun/nio/fs/UnixException'> (0x000000077eba4d48) thrown at [/home/jenkins/node/workspace/Corretto8/generic_linux/x64/build/Corretto8Src/installers/linux/universal/tar/corretto-build/buildRoot/hotspot/src/share/vm/prims/jni.cpp, line 709]
Event: 267.539 Thread 0x0000758764878800 Exception <a 'sun/nio/fs/UnixException'> (0x000000077ebaec68) thrown at [/home/jenkins/node/workspace/Corretto8/generic_linux/x64/build/Corretto8Src/installers/linux/universal/tar/corretto-build/buildRoot/hotspot/src/share/vm/prims/jni.cpp, line 709]
Event: 267.539 Thread 0x0000758764878800 Exception <a 'sun/nio/fs/UnixException'> (0x000000077ebb9878) thrown at [/home/jenkins/node/workspace/Corretto8/generic_linux/x64/build/Corretto8Src/installers/linux/universal/tar/corretto-build/buildRoot/hotspot/src/share/vm/prims/jni.cpp, line 709]

Events (10 events):
Event: 267.833 Thread 0x0000758752e99000 Thread added: 0x0000758752e99000
Event: 267.838 Thread 0x0000758752e9a000 Thread added: 0x0000758752e9a000
Event: 267.841 Thread 0x0000758752e9a800 Thread added: 0x0000758752e9a800
Event: 267.841 Thread 0x0000758752e9b800 Thread added: 0x0000758752e9b800
Event: 267.841 Executing VM operation: ParallelGCFailedAllocation
Event: 267.843 Thread 0x0000758752e9c000 Thread added: 0x0000758752e9c000
Event: 267.843 Executing VM operation: ParallelGCFailedAllocation done
Event: 267.844 Thread 0x0000758752e9d000 Thread added: 0x0000758752e9d000
Event: 267.844 Thread 0x0000758752f35000 Thread added: 0x0000758752f35000
Event: 267.844 Executing VM operation: ParallelGCSystemGC


Dynamic libraries:
64ce00000-67ab80000 rw-p 00000000 00:00 0 
67ab80000-744500000 ---p 00000000 00:00 0 
744500000-7b0d00000 rw-p 00000000 00:00 0 
7b0d00000-7be180000 rw-p 00000000 00:00 0 
7be180000-7c0000000 ---p 00000000 00:00 0 
7c0000000-7c0d00000 rw-p 00000000 00:00 0 
7c0d00000-800000000 ---p 00000000 00:00 0 
58b513800000-58b513801000 r-xp 00000000 fc:00 8786217                    /home/kasun/.sdkman/candidates/java/8.0.382-amzn/bin/java
58b513a00000-58b513a01000 r--p 00000000 fc:00 8786217                    /home/kasun/.sdkman/candidates/java/8.0.382-amzn/bin/java
58b513a01000-58b513a02000 rw-p 00001000 fc:00 8786217                    /home/kasun/.sdkman/candidates/java/8.0.382-amzn/bin/java
58b513c1d000-58b513c3e000 rw-p 00000000 00:00 0                          [heap]
7586ec000000-7586ec3bf000 rw-p 00000000 00:00 0 
7586ec3bf000-7586f0000000 ---p 00000000 00:00 0 
7586f224a000-7586fc000000 rw-p 00000000 00:00 0 
7586fc000000-7586fd3d6000 rw-p 00000000 00:00 0 
7586fd3d6000-758700000000 ---p 00000000 00:00 0 
758700000000-758700085000 rw-p 00000000 00:00 0 
758700085000-758704000000 ---p 00000000 00:00 0 
758704000000-758704085000 rw-p 00000000 00:00 0 
758704085000-758708000000 ---p 00000000 00:00 0 
758708000000-758708051000 rw-p 00000000 00:00 0 
758708051000-75870c000000 ---p 00000000 00:00 0 
75870c000000-75870c053000 rw-p 00000000 00:00 0 
75870c053000-758710000000 ---p 00000000 00:00 0 
758710000000-758710043000 rw-p 00000000 00:00 0 
758710043000-758714000000 ---p 00000000 00:00 0 
758714000000-758714053000 rw-p 00000000 00:00 0 
758714053000-758718000000 ---p 00000000 00:00 0 
758718000000-758718093000 rw-p 00000000 00:00 0 
758718093000-75871c000000 ---p 00000000 00:00 0 
75871c000000-75871c085000 rw-p 00000000 00:00 0 
75871c085000-758720000000 ---p 00000000 00:00 0 
758720000000-758720093000 rw-p 00000000 00:00 0 
758720093000-758724000000 ---p 00000000 00:00 0 
758724000000-758724086000 rw-p 00000000 00:00 0 
758724086000-758728000000 ---p 00000000 00:00 0 
758728000000-758728044000 rw-p 00000000 00:00 0 
758728044000-75872c000000 ---p 00000000 00:00 0 
75872c000000-75872c085000 rw-p 00000000 00:00 0 
75872c085000-758730000000 ---p 00000000 00:00 0 
758730000000-758730093000 rw-p 00000000 00:00 0 
758730093000-758734000000 ---p 00000000 00:00 0 
758734000000-758734095000 rw-p 00000000 00:00 0 
758734095000-758738000000 ---p 00000000 00:00 0 
758738000000-758738087000 rw-p 00000000 00:00 0 
758738087000-75873c000000 ---p 00000000 00:00 0 
75873c000000-75873c021000 rw-p 00000000 00:00 0 
75873c021000-758740000000 ---p 00000000 00:00 0 
758740000000-758743ffd000 rw-p 00000000 00:00 0 
758743ffd000-758744000000 ---p 00000000 00:00 0 
758744000000-7587443f0000 rw-p 00000000 00:00 0 
7587443f0000-758748000000 ---p 00000000 00:00 0 
758748000000-758748021000 rw-p 00000000 00:00 0 
758748021000-75874c000000 ---p 00000000 00:00 0 
75874c000000-75874c278000 rw-p 00000000 00:00 0 
75874c278000-758750000000 ---p 00000000 00:00 0 
758750000000-758753ffc000 rw-p 00000000 00:00 0 
758753ffc000-758754000000 ---p 00000000 00:00 0 
758754000000-758754fec000 rw-p 00000000 00:00 0 
758754fec000-758758000000 ---p 00000000 00:00 0 
758758000000-75875a2a3000 rw-p 00000000 00:00 0 
75875a2a3000-75875c000000 ---p 00000000 00:00 0 
75875c000000-75875c021000 rw-p 00000000 00:00 0 
75875c021000-758760000000 ---p 00000000 00:00 0 
758760000000-758760cdd000 rw-p 00000000 00:00 0 
758760cdd000-758764000000 ---p 00000000 00:00 0 
758764000000-758764883000 rw-p 00000000 00:00 0 
758764883000-758768000000 ---p 00000000 00:00 0 
758768000000-75876803f000 rw-p 00000000 00:00 0 
75876803f000-75876c000000 ---p 00000000 00:00 0 
75876c000000-75876c021000 rw-p 00000000 00:00 0 
75876c021000-758770000000 ---p 00000000 00:00 0 
758770000000-758770027000 rw-p 00000000 00:00 0 
758770027000-758774000000 ---p 00000000 00:00 0 
758774000000-758774021000 rw-p 00000000 00:00 0 
758774021000-758778000000 ---p 00000000 00:00 0 
758778000000-758778021000 rw-p 00000000 00:00 0 
758778021000-75877c000000 ---p 00000000 00:00 0 
75877c000000-75877e4db000 rw-p 00000000 00:00 0 
75877e4db000-758780000000 ---p 00000000 00:00 0 
758780000000-75878167a000 rw-p 00000000 00:00 0 
75878167a000-758784000000 ---p 00000000 00:00 0 
758784000000-75878606f000 rw-p 00000000 00:00 0 
75878606f000-758788000000 ---p 00000000 00:00 0 
758788000000-758789c06000 rw-p 00000000 00:00 0 
758789c06000-75878c000000 ---p 00000000 00:00 0 
75878c000000-75878c021000 rw-p 00000000 00:00 0 
75878c021000-758790000000 ---p 00000000 00:00 0 
758790000000-758790021000 rw-p 00000000 00:00 0 
758790021000-758794000000 ---p 00000000 00:00 0 
758794000000-758794021000 rw-p 00000000 00:00 0 
758794021000-758798000000 ---p 00000000 00:00 0 
758798670000-7587a4000000 rw-p 00000000 00:00 0 
7587a4000000-7587a4021000 rw-p 00000000 00:00 0 
7587a4021000-7587a8000000 ---p 00000000 00:00 0 
7587a8000000-7587a829e000 rw-p 00000000 00:00 0 
7587a829e000-7587ac000000 ---p 00000000 00:00 0 
7587ac000000-7587ac021000 rw-p 00000000 00:00 0 
7587ac021000-7587b0000000 ---p 00000000 00:00 0 
7587b0976000-7587b0a76000 rw-p 00000000 00:00 0 
7587b0a76000-7587b0b76000 ---p 00000000 00:00 0 
7587b0b76000-7587b0d36000 rw-p 00000000 00:00 0 
7587b0d36000-7587b0f76000 rw-p 00000000 00:00 0 
7587b0f76000-7587b17b6000 r--s 09576000 fc:00 10000091                   /home/kasun/Projects/insight-brain/insight-brain-service/target/insight-brain-service-1.177.0-SNAPSHOT-server.jar
7587b1989000-7587b1b49000 rw-p 00000000 00:00 0 
7587b1b49000-7587b1d49000 rw-p 00000000 00:00 0 
7587b1d49000-7587b4000000 rw-p 00000000 00:00 0 
7587b4000000-7587b4021000 rw-p 00000000 00:00 0 
7587b4021000-7587b8000000 ---p 00000000 00:00 0 
7587b8026000-7587b81e6000 rw-p 00000000 00:00 0 
7587b81e6000-7587b8426000 rw-p 00000000 00:00 0 
7587b8576000-7587b8736000 rw-p 00000000 00:00 0 
7587b8736000-7587b8936000 rw-p 00000000 00:00 0 
7587b8936000-7587b8b76000 rw-p 00000000 00:00 0 
7587b8b76000-7587b8b79000 ---p 00000000 00:00 0 
7587b8b79000-7587b8c76000 rw-p 00000000 00:00 0 
7587b8c76000-7587b8c79000 ---p 00000000 00:00 0 
7587b8c79000-7587b8f36000 rw-p 00000000 00:00 0 
7587b8f36000-7587b9136000 rw-p 00000000 00:00 0 
7587b9136000-7587b9336000 rw-p 00000000 00:00 0 
7587b9336000-7587b9536000 rw-p 00000000 00:00 0 
7587b9536000-7587b9776000 rw-p 00000000 00:00 0 
7587b983c000-7587b983f000 ---p 00000000 00:00 0 
7587b983f000-7587b9afc000 rw-p 00000000 00:00 0 
7587b9afc000-7587b9cfc000 rw-p 00000000 00:00 0 
7587b9cfc000-7587b9efc000 rw-p 00000000 00:00 0 
7587b9efc000-7587ba0fc000 rw-p 00000000 00:00 0 
7587ba0fc000-7587ba33c000 rw-p 00000000 00:00 0 
7587ba34b000-7587ba350000 r--s 0001b000 fc:00 11951454                   /home/kasun/.m2/repository/org/apache/maven/shared/maven-artifact-transfer/0.11.0/maven-artifact-transfer-0.11.0.jar
7587ba350000-7587ba352000 r--s 0000d000 fc:00 11951453                   /home/kasun/.m2/repository/org/apache/maven/shared/maven-common-artifact-filters/3.1.0/maven-common-artifact-filters-3.1.0.jar
7587ba352000-7587ba357000 r--s 0002b000 fc:00 11951448                   /home/kasun/.m2/repository/org/codehaus/plexus/plexus-archiver/4.2.2/plexus-archiver-4.2.2.jar
7587ba357000-7587ba358000 r--s 00001000 fc:00 10793937                   /home/kasun/.m2/repository/org/codehaus/plexus/plexus-velocity/1.2/plexus-velocity-1.2.jar
7587ba358000-7587ba35a000 r--s 00003000 fc:00 11951445                   /home/kasun/.m2/repository/org/apache/maven/doxia/doxia-module-xhtml5/1.9/doxia-module-xhtml5-1.9.jar
7587ba35a000-7587ba35c000 r--s 00003000 fc:00 11951444                   /home/kasun/.m2/repository/org/apache/maven/doxia/doxia-module-xhtml/1.9/doxia-module-xhtml-1.9.jar
7587ba35c000-7587ba35e000 r--s 00003000 fc:00 11951439                   /home/kasun/.m2/repository/org/apache/maven/doxia/doxia-skin-model/1.9/doxia-skin-model-1.9.jar
7587ba35e000-7587ba361000 r--s 0000e000 fc:00 11951437                   /home/kasun/.m2/repository/org/apache/maven/doxia/doxia-site-renderer/1.9/doxia-site-renderer-1.9.jar
7587ba361000-7587ba368000 r--s 00049000 fc:00 11951438                   /home/kasun/.m2/repository/org/apache/httpcomponents/httpcore/4.4.11/httpcore-4.4.11.jar
7587ba368000-7587ba375000 r--s 000b0000 fc:00 11951436                   /home/kasun/.m2/repository/org/apache/httpcomponents/httpclient/4.5.8/httpclient-4.5.8.jar
7587ba375000-7587ba37d000 r--s 0006e000 fc:00 10780843                   /home/kasun/.m2/repository/org/apache/commons/commons-lang3/3.5/commons-lang3-3.5.jar
7587ba37d000-7587ba38b000 r--s 0008f000 fc:00 10793935                   /home/kasun/.m2/repository/com/google/collections/google-collections/1.0/google-collections-1.0.jar
7587ba38b000-7587ba3b9000 r--s 0045b000 fc:00 10000092                   /home/kasun/Projects/insight-brain/insight-brain-service/target/insight-brain-service-1.177.0-SNAPSHOT-tests.jar
7587ba3b9000-7587ba3f3000 r--s 003b5000 fc:00 10000089                   /home/kasun/Projects/insight-brain/insight-brain-service/target/insight-brain-service-1.177.0-SNAPSHOT.jar
7587ba3f3000-7587ba5b3000 rw-p 00000000 00:00 0 
7587ba5b3000-7587ba7f3000 rw-p 00000000 00:00 0 
7587ba7f3000-7587ba86c000 r--s 01108000 fc:00 8786391                    /home/kasun/.sdkman/candidates/java/8.0.382-amzn/lib/tools.jar
7587ba86c000-7587ba86e000 r--s 00016000 fc:00 8786277                    /home/kasun/.sdkman/candidates/java/8.0.382-amzn/jre/lib/jce.jar
7587ba86e000-7587baa2e000 rw-p 00000000 00:00 0 
7587baa2e000-7587bac2e000 rw-p 00000000 00:00 0 
7587bac2e000-7587bae2e000 rw-p 00000000 00:00 0 
7587bae2e000-7587bb06e000 rw-p 00000000 00:00 0 
7587bb06e000-7587bb06f000 r--s 00002000 fc:00 11951446                   /home/kasun/.m2/repository/org/codehaus/plexus/plexus-i18n/1.0-beta-10/plexus-i18n-1.0-beta-10.jar
7587bb06f000-7587bb073000 r--s 00021000 fc:00 11951430                   /home/kasun/.m2/repository/org/apache/xbean/xbean-reflect/3.7/xbean-reflect-3.7.jar
7587bb073000-7587bb078000 r--s 00031000 fc:00 11951429                   /home/kasun/.m2/repository/org/apache/maven/doxia/doxia-core/1.9/doxia-core-1.9.jar
7587bb078000-7587bb079000 r--s 00002000 fc:00 11951427                   /home/kasun/.m2/repository/org/apache/maven/doxia/doxia-logging-api/1.9/doxia-logging-api-1.9.jar
7587bb079000-7587bb07a000 r--s 00002000 fc:00 11951426                   /home/kasun/.m2/repository/org/apache/maven/doxia/doxia-sink-api/1.9/doxia-sink-api-1.9.jar
7587bb07a000-7587bb07c000 r--s 0000d000 fc:00 10793933                   /home/kasun/.m2/repository/org/apache/maven/doxia/doxia-decoration-model/1.7.4/doxia-decoration-model-1.7.4.jar
7587bb07d000-7587bb07f000 r--s 00007000 fc:00 11951451                   /home/kasun/.m2/repository/org/apache/maven/shared/maven-dependency-analyzer/1.11.1/maven-dependency-analyzer-1.11.1.jar
7587bb07f000-7587bb083000 r--s 00027000 fc:00 11951278                   /home/kasun/.m2/repository/org/apache/maven/plugins/maven-dependency-plugin/3.1.2/maven-dependency-plugin-3.1.2.jar
7587bb083000-7587bb084000 r--s 00001000 fc:00 13252589                   /home/kasun/.m2/repository/com/google/inject/extensions/guice-multibindings/4.2.3/guice-multibindings-4.2.3.jar
7587bb084000-7587bb08a000 r--s 01cdc000 fc:00 12069074                   /home/kasun/Projects/insight-brain/insight-brain-frontend/target/insight-brain-frontend-1.177.0-SNAPSHOT.jar
7587bb08a000-7587bb08b000 r--s 00002000 fc:00 10777274                   /home/kasun/.m2/repository/com/codeborne/phantomjsdriver/1.4.3/phantomjsdriver-1.4.3.jar
7587bb08b000-7587bb08d000 r--s 00003000 fc:00 10777002                   /home/kasun/.m2/repository/org/seleniumhq/selenium/selenium-ie-driver/3.141.59/selenium-ie-driver-3.141.59.jar
7587bb08d000-7587bb08f000 r--s 00002000 fc:00 10776995                   /home/kasun/.m2/repository/org/seleniumhq/selenium/selenium-chrome-driver/3.141.59/selenium-chrome-driver-3.141.59.jar
7587bb08f000-7587bb091000 r--s 000c4000 fc:00 10776996                   /home/kasun/.m2/repository/org/seleniumhq/selenium/selenium-firefox-driver/3.141.59/selenium-firefox-driver-3.141.59.jar
7587bb091000-7587bb093000 r--s 00003000 fc:00 12595745                   /home/kasun/.m2/repository/org/gebish/geb-spock/6.0/geb-spock-6.0.jar
7587bb093000-7587bb095000 r--s 00004000 fc:00 12596642                   /home/kasun/.m2/repository/org/spockframework/spock-junit4/2.4-M1-groovy-3.0/spock-junit4-2.4-M1-groovy-3.0.jar
7587bb095000-7587bb0a7000 r--s 000cc000 fc:00 12595851                   /home/kasun/.m2/repository/org/spockframework/spock-core/2.4-M1-groovy-3.0/spock-core-2.4-M1-groovy-3.0.jar
7587bb0a7000-7587bb0aa000 ---p 00000000 00:00 0 
7587bb0aa000-7587bb3a7000 rw-p 00000000 00:00 0 
7587bb3a7000-7587bb3be000 r--s 00141000 fc:00 12598797                   /home/kasun/.m2/repository/org/apache/ivy/ivy/2.5.2/ivy-2.5.2.jar
7587bb3be000-7587bb437000 r--s 01108000 fc:00 8786391                    /home/kasun/.sdkman/candidates/java/8.0.382-amzn/lib/tools.jar
7587bb437000-7587bb439000 r--s 00004000 fc:00 12598707                   /home/kasun/.m2/repository/org/apache/ant/ant-launcher/1.10.13/ant-launcher-1.10.13.jar
7587bb439000-7587bb458000 r--s 00213000 fc:00 12598709                   /home/kasun/.m2/repository/org/apache/ant/ant/1.10.13/ant-1.10.13.jar
7587bb458000-7587bb45c000 r--s 0003e000 fc:00 12598705                   /home/kasun/.m2/repository/jline/jline/2.14.6/jline-2.14.6.jar
7587bb45c000-7587bb45e000 r--s 00001000 fc:00 12060866                   /home/kasun/.m2/repository/com/google/j2objc/j2objc-annotations/2.8/j2objc-annotations-2.8.jar
7587bb45e000-7587bb46a000 r--s 0002b000 fc:00 12060487                   /home/kasun/.m2/repository/org/checkerframework/checker-qual/3.33.0/checker-qual-3.33.0.jar
7587bb46a000-7587bb49d000 r--s 002b2000 fc:00 10772699                   /home/kasun/.m2/repository/com/google/guava/guava/32.0.0-jre/guava-32.0.0-jre.jar
7587bb49d000-7587bb49f000 r--s 00007000 fc:00 12338935                   /home/kasun/.m2/repository/org/apache/maven/shared/file-management/3.1.0/file-management-3.1.0.jar
7587bb49f000-7587bb4b2000 r--s 000f4000 fc:00 10772500                   /home/kasun/.m2/repository/org/apache/commons/commons-compress/1.24.0/commons-compress-1.24.0.jar
7587bb4b2000-7587bb4bc000 r--s 0006d000 fc:00 10772687                   /home/kasun/.m2/repository/commons-io/commons-io/2.13.0/commons-io-2.13.0.jar
7587bb4bc000-7587bb4bd000 r--s 00003000 fc:00 10777004                   /home/kasun/.m2/repository/org/seleniumhq/selenium/selenium-safari-driver/3.141.59/selenium-safari-driver-3.141.59.jar
7587bb4bd000-7587bb4c1000 r--s 0001b000 fc:00 10777162                   /home/kasun/.m2/repository/org/hamcrest/hamcrest/2.2/hamcrest-2.2.jar
7587bb4c1000-7587bb4c2000 r--s 00001000 fc:00 12342757                   /home/kasun/.m2/repository/org/apiguardian/apiguardian-api/1.1.2/apiguardian-api-1.1.2.jar
7587bb4c2000-7587bb4c5000 r--s 00017000 fc:00 12596355                   /home/kasun/.m2/repository/org/junit/platform/junit-platform-commons/1.9.0/junit-platform-commons-1.9.0.jar
7587bb4c5000-7587bb4c9000 r--s 0002a000 fc:00 12596234                   /home/kasun/.m2/repository/org/junit/platform/junit-platform-engine/1.9.0/junit-platform-engine-1.9.0.jar
7587bb4c9000-7587bb4cf000 r--s 00032000 fc:00 12598636                   /home/kasun/.m2/repository/org/jodd/jodd-lagarto/6.0.5/jodd-lagarto-6.0.5.jar
7587bb4cf000-7587bb4d3000 r--s 0004b000 fc:00 12598626                   /home/kasun/.m2/repository/org/jodd/jodd-util/6.0.0/jodd-util-6.0.0.jar
7587bb4d3000-7587bb4d6000 r--s 00017000 fc:00 12598624                   /home/kasun/.m2/repository/org/jodd/jodd-core/5.3.0/jodd-core-5.3.0.jar
7587bb4d6000-7587bb4dc000 r--s 00042000 fc:00 12598622                   /home/kasun/.m2/repository/org/codehaus/groovy/groovy-xml/3.0.20/groovy-xml-3.0.20.jar
7587bb4dc000-7587bb4dd000 r--s 00001000 fc:00 12342763                   /home/kasun/.m2/repository/org/opentest4j/opentest4j/1.2.0/opentest4j-1.2.0.jar
7587bb4dd000-7587bb4e0000 r--s 0000e000 fc:00 12583717                   /home/kasun/.m2/repository/com/sun/activation/jakarta.activation/1.2.1/jakarta.activation-1.2.1.jar
7587bb4e0000-7587bb4e1000 r--s 00001000 fc:00 12595754                   /home/kasun/.m2/repository/org/codehaus/groovy/groovy-dateutil/3.0.20/groovy-dateutil-3.0.20.jar
7587bb4e1000-7587bb4ea000 r--s 0002d000 fc:00 10777021                   /home/kasun/.m2/repository/org/jetbrains/kotlin/kotlin-stdlib-common/1.8.0/kotlin-stdlib-common-1.8.0.jar
7587bb4ea000-7587bb4f0000 r--s 00044000 fc:00 10780276                   /home/kasun/.m2/repository/org/apache/logging/log4j/log4j-api/2.14.1/log4j-api-2.14.1.jar
7587bb4f0000-7587bb512000 r--s 00189000 fc:00 10780275                   /home/kasun/.m2/repository/org/apache/logging/log4j/log4j-core/2.14.1/log4j-core-2.14.1.jar
7587bb512000-7587bb51d000 r--s 0006f000 fc:00 10780274                   /home/kasun/.m2/repository/org/apache/bval/org.apache.bval.bundle/1.1.2/org.apache.bval.bundle-1.1.2.jar
7587bb51d000-7587bb521000 r--s 0000f000 fc:00 10780268                   /home/kasun/.m2/repository/org/apache/geronimo/specs/geronimo-validation_1.1_spec/1.0/geronimo-validation_1.1_spec-1.0.jar
7587bb521000-7587bb527000 r--s 0001a000 fc:00 10772535                   /home/kasun/.m2/repository/org/apache/geronimo/specs/geronimo-jpa_2.2_spec/1.1/geronimo-jpa_2.2_spec-1.1.jar
7587bb527000-7587bb52b000 r--s 00022000 fc:00 10780265                   /home/kasun/.m2/repository/org/apache/openjpa/openjpa-persistence-jdbc/3.2.2/openjpa-persistence-jdbc-3.2.2.jar
7587bb52b000-7587bb538000 r--s 000c9000 fc:00 10780267                   /home/kasun/.m2/repository/org/apache/openjpa/openjpa-persistence/3.2.2/openjpa-persistence-3.2.2.jar
7587bb538000-7587bb547000 r--s 00166000 fc:00 10780266                   /home/kasun/.m2/repository/org/apache/openjpa/openjpa-jdbc/3.2.2/openjpa-jdbc-3.2.2.jar
7587bb547000-7587bb554000 r--s 00090000 fc:00 10780264                   /home/kasun/.m2/repository/org/apache/openjpa/openjpa-lib/3.2.2/openjpa-lib-3.2.2.jar
7587bb554000-7587bb567000 r--s 00162000 fc:00 10780258                   /home/kasun/.m2/repository/org/apache/openjpa/openjpa-kernel/3.2.2/openjpa-kernel-3.2.2.jar
7587bb567000-7587bb592000 r--s 001fc000 fc:00 10780234                   /home/kasun/.m2/repository/com/google/guava/guava/18.0/guava-18.0.jar
7587bb592000-7587bb5cd000 r--s 0045c000 fc:00 10772528                   /home/kasun/.m2/repository/org/apache/openjpa/openjpa/3.2.2/openjpa-3.2.2.jar
7587bb5cd000-7587bb5d0000 ---p 00000000 00:00 0 
7587bb5d0000-7587bb6cd000 rw-p 00000000 00:00 0 
7587bb6cd000-7587bb6d0000 ---p 00000000 00:00 0 
7587bb6d0000-7587bb7cd000 rw-p 00000000 00:00 0 
7587bb7cd000-7587bb7d0000 ---p 00000000 00:00 0 
7587bb7d0000-7587bb806000 rw-p 00000000 00:00 0 
7587bb806000-7587bb809000 r--s 005a2000 fc:00 12598703                   /home/kasun/.m2/repository/com/github/luben/zstd-jni/1.5.5-5/zstd-jni-1.5.5-5.jar
7587bb809000-7587bb80d000 r--s 0003c000 fc:00 10780257                   /home/kasun/.m2/repository/org/codehaus/plexus/plexus-utils/3.1.0/plexus-utils-3.1.0.jar
7587bb80d000-7587bb80f000 r--s 00000000 fc:00 10780256                   /home/kasun/.m2/repository/org/codehaus/plexus/plexus-component-annotations/1.6/plexus-component-annotations-1.6.jar
7587bb80f000-7587bb812000 r--s 0000d000 fc:00 10780255                   /home/kasun/.m2/repository/org/codehaus/plexus/plexus-interpolation/1.21/plexus-interpolation-1.21.jar
7587bb812000-7587bb81b000 r--s 0005f000 fc:00 10780254                   /home/kasun/.m2/repository/com/google/inject/guice/4.0/guice-4.0-no_aop.jar
7587bb81b000-7587bb81c000 r--s 00003000 fc:00 10780228                   /home/kasun/.m2/repository/org/apache/maven/maven-builder-support/3.3.9/maven-builder-support-3.3.9.jar
7587bb81c000-7587bb824000 r--s 00055000 fc:00 10780225                   /home/kasun/.m2/repository/org/eclipse/sisu/org.eclipse.sisu.inject/0.3.2/org.eclipse.sisu.inject-0.3.2.jar
7587bb824000-7587bb82b000 r--s 00064000 fc:00 10780217                   /home/kasun/.m2/repository/org/apache/commons/commons-lang3/3.4/commons-lang3-3.4.jar
7587bb82b000-7587bb82f000 r--s 00044000 fc:00 10772534                   /home/kasun/.m2/repository/org/apache/xbean/xbean-asm9-shaded/4.20/xbean-asm9-shaded-4.20.jar
7587bb82f000-7587bb832000 r--s 0001e000 fc:00 10780212                   /home/kasun/.m2/repository/org/apache/commons/commons-pool2/2.9.0/commons-pool2-2.9.0.jar
7587bb832000-7587bb833000 r--s 00003000 fc:00 10772532                   /home/kasun/.m2/repository/org/apache/geronimo/specs/geronimo-jta_1.1_spec/1.1.1/geronimo-jta_1.1_spec-1.1.1.jar
7587bb833000-7587bb835000 r--s 00006000 fc:00 10772527                   /home/kasun/.m2/repository/org/apache/geronimo/specs/geronimo-jms_1.1_spec/1.1.1/geronimo-jms_1.1_spec-1.1.1.jar
7587bb835000-7587bb838000 r--s 00032000 fc:00 10772526                   /home/kasun/.m2/repository/net/sourceforge/serp/serp/1.15.1/serp-1.15.1.jar
7587bb838000-7587bb83a000 r--s 00008000 fc:00 10779414                   /home/kasun/.m2/repository/org/apache/openjpa/openjpa-maven-plugin/3.2.2/openjpa-maven-plugin-3.2.2.jar
7587bb83a000-7587bba3a000 rw-p 00000000 00:00 0 
7587bba3a000-7587bba3e000 r--s 00037000 fc:00 10778282                   /home/kasun/.m2/repository/org/codehaus/plexus/plexus-utils/3.0.15/plexus-utils-3.0.15.jar
7587bba3e000-7587bba41000 r--s 00023000 fc:00 10778280                   /home/kasun/.m2/repository/org/apache/maven/shared/maven-shared-utils/0.4/maven-shared-utils-0.4.jar
7587bba41000-7587bba47000 r--s 00033000 fc:00 10767546                   /home/kasun/.m2/repository/commons-codec/commons-codec/1.6/commons-codec-1.6.jar
7587bba47000-7587bba49000 r--s 00007000 fc:00 10770594                   /home/kasun/.m2/repository/org/apache/maven/plugins/maven-install-plugin/2.5.2/maven-install-plugin-2.5.2.jar
7587bba49000-7587bba51000 r--s 00048000 fc:00 10778271                   /home/kasun/.m2/repository/org/apache/httpcomponents/httpcore/4.4.6/httpcore-4.4.6.jar
7587bba51000-7587bba5e000 r--s 000aa000 fc:00 10778270                   /home/kasun/.m2/repository/org/apache/httpcomponents/httpclient/4.5.3/httpclient-4.5.3.jar
7587bba5e000-7587bba60000 r--s 00004000 fc:00 10778267                   /home/kasun/.m2/repository/org/codehaus/plexus/plexus-resources/1.0.1/plexus-resources-1.0.1.jar
7587bba60000-7587bba64000 r--s 00025000 fc:00 10778268                   /home/kasun/.m2/repository/org/apache/maven/shared/maven-shared-utils/3.2.0/maven-shared-utils-3.2.0.jar
7587bba64000-7587bba65000 r--s 00004000 fc:00 10778264                   /home/kasun/.m2/repository/org/apache/maven/reporting/maven-reporting-impl/3.0.0/maven-reporting-impl-3.0.0.jar
7587bba65000-7587bba6a000 r--s 00053000 fc:00 10778261                   /home/kasun/.m2/repository/antlr/antlr/2.7.2/antlr-2.7.2.jar
7587bba6a000-7587bba6e000 r--s 00020000 fc:00 10778260                   /home/kasun/.m2/repository/commons-digester/commons-digester/1.8/commons-digester-1.8.jar
7587bba6e000-7587bba73000 r--s 0002a000 fc:00 10778258                   /home/kasun/.m2/repository/commons-beanutils/commons-beanutils/1.7.0/commons-beanutils-1.7.0.jar
7587bba73000-7587bba7b000 r--s 00066000 fc:00 10778257                   /home/kasun/.m2/repository/org/apache/velocity/velocity/1.7/velocity-1.7.jar
7587bba7b000-7587bba7c000 r--s 00001000 fc:00 10778254                   /home/kasun/.m2/repository/org/codehaus/plexus/plexus-velocity/1.1.7/plexus-velocity-1.1.7.jar
7587bba7c000-7587bba7e000 r--s 00008000 fc:00 10778250                   /home/kasun/.m2/repository/org/apache/maven/doxia/doxia-module-fml/1.7/doxia-module-fml-1.7.jar
7587bba7e000-7587bba80000 r--s 00003000 fc:00 10778248                   /home/kasun/.m2/repository/org/apache/maven/doxia/doxia-module-xhtml/1.7/doxia-module-xhtml-1.7.jar
7587bba80000-7587bba81000 r--s 00003000 fc:00 10778247                   /home/kasun/.m2/repository/org/apache/maven/doxia/doxia-skin-model/1.7/doxia-skin-model-1.7.jar
7587bba81000-7587bba83000 r--s 00016000 fc:00 10778245                   /home/kasun/.m2/repository/xmlunit/xmlunit/1.5/xmlunit-1.5.jar
7587bba83000-7587bba87000 r--s 0003c000 fc:00 10778241                   /home/kasun/.m2/repository/commons-lang/commons-lang/2.4/commons-lang-2.4.jar
7587bba87000-7587bba8a000 r--s 00026000 fc:00 10778239                   /home/kasun/.m2/repository/org/apache/maven/doxia/doxia-core/1.7/doxia-core-1.7.jar
7587bba8a000-7587bba8c000 r--s 0000e000 fc:00 10778238                   /home/kasun/.m2/repository/org/apache/maven/doxia/doxia-site-renderer/1.7/doxia-site-renderer-1.7.jar
7587bba8c000-7587bba8e000 r--s 0000d000 fc:00 10778237                   /home/kasun/.m2/repository/org/apache/maven/doxia/doxia-decoration-model/1.7/doxia-decoration-model-1.7.jar
7587bba8e000-7587bba8f000 r--s 00002000 fc:00 10778236                   /home/kasun/.m2/repository/org/apache/maven/doxia/doxia-logging-api/1.7/doxia-logging-api-1.7.jar
7587bba8f000-7587bbc8f000 rw-p 00000000 00:00 0 
7587bbc8f000-7587bbe00000 r--s 01801000 fc:00 12880701                   /home/kasun/.m2/repository/com/sonatype/clm/clm-maven-plugin/2.47.5-01/clm-maven-plugin-2.47.5-01.jar
7587bbe00000-7587bc000000 rw-p 00000000 00:00 0 
7587bc000000-7587bc028000 rw-p 00000000 00:00 0 
7587bc028000-7587c0000000 ---p 00000000 00:00 0 
7587c0000000-7587c0001000 r--s 00002000 fc:00 10778231                   /home/kasun/.m2/repository/org/apache/maven/doxia/doxia-sink-api/1.7/doxia-sink-api-1.7.jar
7587c0001000-7587c0003000 r--s 00000000 fc:00 10778229                   /home/kasun/.m2/repository/org/slf4j/jul-to-slf4j/1.7.25/jul-to-slf4j-1.7.25.jar
7587c0003000-7587c0006000 r--s 00016000 fc:00 10778228                   /home/kasun/.m2/repository/net/sourceforge/pmd/pmd-jsp/6.21.0/pmd-jsp-6.21.0.jar
7587c0006000-7587c0014000 r--s 00121000 fc:00 10778227                   /home/kasun/.m2/repository/org/mozilla/rhino/1.7.7.2/rhino-1.7.7.2.jar
7587c0014000-7587c0018000 r--s 0001d000 fc:00 10778226                   /home/kasun/.m2/repository/net/sourceforge/pmd/pmd-javascript/6.21.0/pmd-javascript-6.21.0.jar
7587c0018000-7587c002a000 r--s 000f2000 fc:00 10778220                   /home/kasun/.m2/repository/net/sourceforge/pmd/pmd-java/6.21.0/pmd-java-6.21.0.jar
7587c002a000-7587c002c000 r--s 0001e000 fc:00 10778219                   /home/kasun/.m2/repository/net/sourceforge/saxon/saxon/9.1.0.8/saxon-9.1.0.8-dom.jar
7587c002c000-7587c0031000 r--s 00036000 fc:00 10778218                   /home/kasun/.m2/repository/com/google/code/gson/gson/2.8.5/gson-2.8.5.jar
7587c0031000-7587c0033000 r--s 0001b000 fc:00 10778217                   /home/kasun/.m2/repository/org/ow2/asm/asm/7.1/asm-7.1.jar
7587c0033000-7587c004e000 r--s 004b6000 fc:00 10778211                   /home/kasun/.m2/repository/net/sourceforge/saxon/saxon/9.1.0.8/saxon-9.1.0.8.jar
7587c004e000-7587c0052000 r--s 00045000 fc:00 10778210                   /home/kasun/.m2/repository/net/java/dev/javacc/javacc/5.0/javacc-5.0.jar
7587c0052000-7587c0058000 r--s 0004c000 fc:00 10778209                   /home/kasun/.m2/repository/org/antlr/antlr4-runtime/4.7/antlr4-runtime-4.7.jar
7587c0058000-7587c006f000 r--s 00109000 fc:00 10778201                   /home/kasun/.m2/repository/net/sourceforge/pmd/pmd-core/6.21.0/pmd-core-6.21.0.jar
7587c006f000-7587c0072000 r--s 0000d000 fc:00 10778199                   /home/kasun/.m2/repository/org/apache/maven/shared/maven-common-artifact-filters/3.0.1/maven-common-artifact-filters-3.0.1.jar
7587c0072000-7587c0077000 r--s 0001b000 fc:00 10778202                   /home/kasun/.m2/repository/org/apache/maven/shared/maven-artifact-transfer/0.10.0/maven-artifact-transfer-0.10.0.jar
7587c0077000-7587c00e5000 r--s 00b9d000 fc:00 10777943                   /home/kasun/.m2/repository/com/ibm/icu/icu4j/63.1/icu4j-63.1.jar
7587c00e5000-7587c00e8000 ---p 00000000 00:00 0 
7587c00e8000-7587c01e5000 rw-p 00000000 00:00 0 
7587c01e5000-7587c01e8000 ---p 00000000 00:00 0 
7587c01e8000-7587c02e5000 rw-p 00000000 00:00 0 
7587c02e5000-7587c02e8000 ---p 00000000 00:00 0 
7587c02e8000-7587c03e5000 rw-p 00000000 00:00 0 
7587c03e5000-7587c03e8000 ---p 00000000 00:00 0 
7587c03e8000-7587c04e5000 rw-p 00000000 00:00 0 
7587c04e5000-7587c04e8000 ---p 00000000 00:00 0 
7587c04e8000-7587c05e5000 rw-p 00000000 00:00 0 
7587c05e5000-7587c05e8000 ---p 00000000 00:00 0 
7587c05e8000-7587c06e5000 rw-p 00000000 00:00 0 
7587c06e5000-7587c06e8000 ---p 00000000 00:00 0 
7587c06e8000-7587c07e5000 rw-p 00000000 00:00 0 
7587c07e5000-7587c07e8000 ---p 00000000 00:00 0 
7587c07e8000-7587c0adb000 rw-p 00000000 00:00 0 
7587c0adb000-7587c0ae5000 ---p 00000000 00:00 0 
7587c0ae5000-7587c0ce5000 rw-p 00000000 00:00 0 
7587c0ce5000-7587c0ce8000 ---p 00000000 00:00 0 
7587c0ce8000-7587c0de5000 rw-p 00000000 00:00 0 
7587c0de5000-7587c0de8000 ---p 00000000 00:00 0 
7587c0de8000-7587c10a5000 rw-p 00000000 00:00 0 
7587c10a5000-7587c10e5000 rw-p 00000000 00:00 0 
7587c10e5000-7587c10e6000 r--s 00003000 fc:00 12060488                   /home/kasun/.m2/repository/com/google/errorprone/error_prone_annotations/2.18.0/error_prone_annotations-2.18.0.jar
7587c10e6000-7587c10ea000 r--s 00019000 fc:00 12071492                   /home/kasun/.m2/repository/org/tukaani/xz/1.9/xz-1.9.jar
7587c10ea000-7587c10f0000 r--s 00031000 fc:00 12598700                   /home/kasun/.m2/repository/org/codehaus/plexus/plexus-archiver/4.8.0/plexus-archiver-4.8.0.jar
7587c10f0000-7587c10f4000 r--s 00010000 fc:00 12338948                   /home/kasun/.m2/repository/org/codehaus/plexus/plexus-io/3.4.0/plexus-io-3.4.0.jar
7587c10f4000-7587c10f5000 r--s 00006000 fc:00 12338942                   /home/kasun/.m2/repository/org/apache/maven/maven-archiver/3.6.0/maven-archiver-3.6.0.jar
7587c10f5000-7587c10f8000 r--s 00019000 fc:00 12598646                   /home/kasun/.m2/repository/org/codehaus/gmavenplus/gmavenplus-plugin/3.0.2/gmavenplus-plugin-3.0.2.jar
7587c10f8000-7587c110b000 r--s 0013f000 fc:00 12597008                   /home/kasun/.m2/repository/com/github/javaparser/javaparser-core/3.25.2/javaparser-core-3.25.2.jar
7587c110b000-7587c110e000 r--s 00012000 fc:00 13124111                   /home/kasun/.m2/repository/de/skuzzle/enforcer/restrict-imports-enforcer-rule-core/2.4.0/restrict-imports-enforcer-rule-core-2.4.0.jar
7587c110e000-7587c110f000 r--s 00003000 fc:00 13124109                   /home/kasun/.m2/repository/de/skuzzle/enforcer/restrict-imports-enforcer-rule/2.4.0/restrict-imports-enforcer-rule-2.4.0.jar
7587c110f000-7587c1112000 r--s 0001d000 fc:00 12595746                   /home/kasun/.m2/repository/org/codehaus/groovy/groovy-json/3.0.20/groovy-json-3.0.20.jar
7587c1112000-7587c1113000 r--s 00000000 fc:00 10777015                   /home/kasun/.m2/repository/org/jetbrains/kotlin/kotlin-stdlib-jdk7/1.8.0/kotlin-stdlib-jdk7-1.8.0.jar
7587c1113000-7587c112a000 r--s 00179000 fc:00 10777016                   /home/kasun/.m2/repository/org/jetbrains/kotlin/kotlin-stdlib/1.8.0/kotlin-stdlib-1.8.0.jar
7587c112a000-7587c112b000 r--s 00000000 fc:00 10777014                   /home/kasun/.m2/repository/org/jetbrains/kotlin/kotlin-stdlib-jdk8/1.8.0/kotlin-stdlib-jdk8-1.8.0.jar
7587c112b000-7587c112d000 r--s 00005000 fc:00 10772883                   /home/kasun/.m2/repository/com/squareup/okio/okio/3.4.0/okio-3.4.0.jar
7587c112d000-7587c1132000 r--s 00060000 fc:00 10777013                   /home/kasun/.m2/repository/com/squareup/okhttp3/okhttp/3.11.0/okhttp-3.11.0.jar
7587c1132000-7587c1138000 r--s 0004c000 fc:00 10777005                   /home/kasun/.m2/repository/org/seleniumhq/selenium/selenium-remote-driver/3.141.59/selenium-remote-driver-3.141.59.jar
7587c1138000-7587c113c000 r--s 00021000 fc:00 10777006                   /home/kasun/.m2/repository/org/seleniumhq/selenium/selenium-support/3.141.59/selenium-support-3.141.59.jar
7587c113c000-7587c113e000 r--s 00015000 fc:00 12596236                   /home/kasun/.m2/repository/org/codehaus/groovy/groovy-templates/3.0.20/groovy-templates-3.0.20.jar
7587c113e000-7587c1142000 r--s 0003a000 fc:00 12598620                   /home/kasun/.m2/repository/org/threeten/threeten-extra/1.7.0/threeten-extra-1.7.0.jar
7587c1142000-7587c1143000 r--s 00000000 fc:00 12598618                   /home/kasun/.m2/repository/org/gebish/geb-exceptions/6.0/geb-exceptions-6.0.jar
7587c1143000-7587c1145000 r--s 00007000 fc:00 12598616                   /home/kasun/.m2/repository/org/gebish/geb-implicit-assertions/6.0/geb-implicit-assertions-6.0.jar
7587c1145000-7587c1146000 r--s 00002000 fc:00 12596645                   /home/kasun/.m2/repository/org/gebish/geb-waiting/6.0/geb-waiting-6.0.jar
7587c1146000-7587c114c000 r--s 0003a000 fc:00 12596408                   /home/kasun/.m2/repository/org/codehaus/groovy/groovy-macro/3.0.20/groovy-macro-3.0.20.jar
7587c114c000-7587c114d000 r--s 00002000 fc:00 12595854                   /home/kasun/.m2/repository/org/gebish/geb-ast/6.0/geb-ast-6.0.jar
7587c114d000-7587c1153000 r--s 00027000 fc:00 10776993                   /home/kasun/.m2/repository/org/seleniumhq/selenium/selenium-api/3.141.59/selenium-api-3.141.59.jar
7587c1153000-7587c115d000 r--s 000a9000 fc:00 12595753                   /home/kasun/.m2/repository/org/gebish/geb-core/6.0/geb-core-6.0.jar
7587c115d000-7587c135d000 rw-p 00000000 00:00 0 
7587c135d000-7587c135f000 r--s 0000c000 fc:00 12087763                   /home/kasun/.m2/repository/org/apache/maven/plugins/maven-failsafe-plugin/3.2.5/maven-failsafe-plugin-3.2.5.jar
7587c135f000-7587c1367000 r--s 00072000 fc:00 11951118                   /home/kasun/.m2/repository/org/apache/commons/commons-lang3/3.7/commons-lang3-3.7.jar
7587c1367000-7587c1369000 r--s 00001000 fc:00 11951116                   /home/kasun/.m2/repository/com/google/j2objc/j2objc-annotations/1.3/j2objc-annotations-1.3.jar
7587c1369000-7587c136b000 r--s 00002000 fc:00 11951115                   /home/kasun/.m2/repository/com/google/errorprone/error_prone_annotations/2.3.4/error_prone_annotations-2.3.4.jar
7587c136b000-7587c139c000 r--s 00251000 fc:00 11951110                   /home/kasun/.m2/repository/com/google/guava/guava/28.2-android/guava-28.2-android.jar
7587c139c000-7587c139f000 r--s 00029000 fc:00 11951107                   /home/kasun/.m2/repository/org/vafer/jdependency/2.4.0/jdependency-2.4.0.jar
7587c139f000-7587c13a1000 r--s 00007000 fc:00 11951105                   /home/kasun/.m2/repository/org/apache/maven/shared/maven-dependency-tree/3.0.1/maven-dependency-tree-3.0.1.jar
7587c13a1000-7587c13a7000 r--s 00045000 fc:00 11951106                   /home/kasun/.m2/repository/org/jdom/jdom2/2.0.6/jdom2-2.0.6.jar
7587c13a7000-7587c13a9000 r--s 00007000 fc:00 11951097                   /home/kasun/.m2/repository/org/ow2/asm/asm-analysis/8.0/asm-analysis-8.0.jar
7587c13a9000-7587c13ab000 r--s 00011000 fc:00 11146654                   /home/kasun/.m2/repository/org/json/json/20231013/json-20231013.jar
7587c13ab000-7587c13cb000 r--s 00164000 fc:00 10773981                   /home/kasun/.m2/repository/com/fasterxml/woodstox/woodstox-core/6.5.1/woodstox-core-6.5.1.jar
7587c13cb000-7587c13cf000 r--s 0002c000 fc:00 10773980                   /home/kasun/.m2/repository/org/codehaus/woodstox/stax2-api/4.2.1/stax2-api-4.2.1.jar
7587c13cf000-7587c13d2000 r--s 0001c000 fc:00 12590960                   /home/kasun/.m2/repository/com/fasterxml/jackson/dataformat/jackson-dataformat-xml/2.16.2/jackson-dataformat-xml-2.16.2.jar
7587c13d2000-7587c13d3000 r--s 0000b000 fc:00 13250490                   /home/kasun/.m2/repository/org/spdx/spdx-jackson-store/1.1.9/spdx-jackson-store-1.1.9.jar
7587c13d3000-7587c13e5000 r--s 00363000 fc:00 13117064                   /home/kasun/.m2/repository/org/spdx/java-spdx-library/1.1.11/java-spdx-library-1.1.11.jar
7587c13e5000-7587c13e7000 r--s 0000f000 fc:00 10774037                   /home/kasun/.m2/repository/com/sun/activation/jakarta.activation/1.2.2/jakarta.activation-1.2.2.jar
7587c13e7000-7587c13e9000 r--s 00006000 fc:00 10776484                   /home/kasun/.m2/repository/com/sun/istack/istack-commons-runtime/3.0.12/istack-commons-runtime-3.0.12.jar
7587c13e9000-7587c13eb000 r--s 00010000 fc:00 12589642                   /home/kasun/.m2/repository/org/glassfish/jaxb/txw2/2.3.9/txw2-2.3.9.jar
7587c13eb000-7587c1400000 r--s 000e4000 fc:00 12589640                   /home/kasun/.m2/repository/org/glassfish/jaxb/jaxb-runtime/2.3.9/jaxb-runtime-2.3.9.jar
7587c1400000-7587c140a000 r--s 000d0000 fc:00 10776479                   /home/kasun/.m2/repository/com/github/seancfoley/ipaddress/5.4.0/ipaddress-5.4.0.jar
7587c140a000-7587c1410000 r--s 0003a000 fc:00 10774069                   /home/kasun/.m2/repository/com/google/code/gson/gson/2.8.9/gson-2.8.9.jar
7587c1410000-7587c1414000 r--s 00033000 fc:00 10776477                   /home/kasun/.m2/repository/io/swagger/core/v3/swagger-core/2.2.15/swagger-core-2.2.15.jar
7587c1414000-7587c1416000 r--s 00008000 fc:00 10776475                   /home/kasun/.m2/repository/io/swagger/core/v3/swagger-integration/2.2.15/swagger-integration-2.2.15.jar
7587c1416000-7587c1419000 r--s 00009000 fc:00 10776473                   /home/kasun/.m2/repository/io/swagger/core/v3/swagger-annotations/2.2.15/swagger-annotations-2.2.15.jar
7587c1419000-7587c141c000 r--s 0001e000 fc:00 10776471                   /home/kasun/.m2/repository/io/swagger/core/v3/swagger-models/2.2.15/swagger-models-2.2.15.jar
7587c141c000-7587c1426000 r--s 000b8000 fc:00 10776469                   /home/kasun/.m2/repository/org/javassist/javassist/3.29.2-GA/javassist-3.29.2-GA.jar
7587c1426000-7587c142e000 r--s 00081000 fc:00 10776467                   /home/kasun/.m2/repository/io/github/classgraph/classgraph/4.8.154/classgraph-4.8.154.jar
7587c142e000-7587c1430000 r--s 00016000 fc:00 10776465                   /home/kasun/.m2/repository/io/swagger/core/v3/swagger-jaxrs2/2.2.15/swagger-jaxrs2-2.2.15.jar
7587c1430000-7587c1434000 r--s 00025000 fc:00 12321867                   /home/kasun/.m2/repository/org/apache/httpcomponents/httpclient-cache/4.5.14/httpclient-cache-4.5.14.jar
7587c1434000-7587c143a000 r--s 00022000 fc:00 10776490                   /home/kasun/.m2/repository/com/atlassian/crowd/client/atlassian-crowd-rest-client/1.4/atlassian-crowd-rest-client-1.4.jar
7587c143a000-7587c143c000 r--s 00010000 fc:00 10776461                   /home/kasun/.m2/repository/commons-fileupload/commons-fileupload/1.4/commons-fileupload-1.4.jar
7587c143c000-7587c143d000 r--s 00002000 fc:00 10776458                   /home/kasun/.m2/repository/com/github/jknack/handlebars-helpers/4.3.0/handlebars-helpers-4.3.0.jar
7587c143d000-7587c144e000 r--s 000d8000 fc:00 10776456                   /home/kasun/.m2/repository/com/github/jknack/handlebars/4.3.0/handlebars-4.3.0.jar
7587c144e000-7587c1451000 r--s 00011000 fc:00 10776455                   /home/kasun/.m2/repository/net/sf/jopt-simple/jopt-simple/5.0.4/jopt-simple-5.0.4.jar
7587c1451000-7587c1453000 r--s 00006000 fc:00 10776453                   /home/kasun/.m2/repository/net/minidev/accessors-smart/2.4.7/accessors-smart-2.4.7.jar
7587c1453000-7587c1457000 r--s 0001a000 fc:00 10776450                   /home/kasun/.m2/repository/net/minidev/json-smart/2.4.7/json-smart-2.4.7.jar
7587c1457000-7587c145e000 r--s 0003c000 fc:00 10776448                   /home/kasun/.m2/repository/com/jayway/jsonpath/json-path/2.7.0/json-path-2.7.0.jar
7587c145e000-7587c1460000 r--s 00002000 fc:00 10776446                   /home/kasun/.m2/repository/org/xmlunit/xmlunit-placeholders/2.9.0/xmlunit-placeholders-2.9.0.jar
7587c1460000-7587c1464000 r--s 0001c000 fc:00 10776441                   /home/kasun/.m2/repository/org/xmlunit/xmlunit-legacy/2.9.0/xmlunit-legacy-2.9.0.jar
7587c1464000-7587c1469000 r--s 00034000 fc:00 10776440                   /home/kasun/.m2/repository/org/apache/httpcomponents/core5/httpcore5-h2/5.1.3/httpcore5-h2-5.1.3.jar
7587c1469000-7587c147b000 r--s 000be000 fc:00 10776439                   /home/kasun/.m2/repository/org/apache/httpcomponents/core5/httpcore5/5.1.3/httpcore5-5.1.3.jar
7587c147b000-7587c1489000 r--s 000b5000 fc:00 10776438                   /home/kasun/.m2/repository/org/apache/httpcomponents/client5/httpclient5/5.1.3/httpclient5-5.1.3.jar
7587c1489000-7587c148a000 r--s 00004000 fc:00 10776434                   /home/kasun/.m2/repository/org/eclipse/jetty/jetty-alpn-openjdk8-client/9.4.46.v20220331/jetty-alpn-openjdk8-client-9.4.46.v20220331.jar
7587c148a000-7587c148c000 r--s 00003000 fc:00 10776432                   /home/kasun/.m2/repository/org/eclipse/jetty/jetty-alpn-client/9.4.46.v20220331/jetty-alpn-client-9.4.46.v20220331.jar
7587c148c000-7587c148e000 r--s 00003000 fc:00 10776431                   /home/kasun/.m2/repository/org/eclipse/jetty/jetty-alpn-java-client/9.4.46.v20220331/jetty-alpn-java-client-9.4.46.v20220331.jar
7587c148e000-7587c148f000 r--s 00004000 fc:00 10776430                   /home/kasun/.m2/repository/org/eclipse/jetty/jetty-alpn-openjdk8-server/9.4.46.v20220331/jetty-alpn-openjdk8-server-9.4.46.v20220331.jar
7587c148f000-7587c1491000 r--s 00003000 fc:00 10776425                   /home/kasun/.m2/repository/org/eclipse/jetty/jetty-alpn-java-server/9.4.46.v20220331/jetty-alpn-java-server-9.4.46.v20220331.jar
7587c1491000-7587c1493000 r--s 00003000 fc:00 10776424                   /home/kasun/.m2/repository/org/eclipse/jetty/jetty-alpn-server/9.4.46.v20220331/jetty-alpn-server-9.4.46.v20220331.jar
7587c1493000-7587c1495000 r--s 0000b000 fc:00 10776423                   /home/kasun/.m2/repository/org/eclipse/jetty/http2/http2-hpack/9.4.46.v20220331/http2-hpack-9.4.46.v20220331.jar
7587c1495000-7587c149a000 r--s 0002e000 fc:00 10776422                   /home/kasun/.m2/repository/org/eclipse/jetty/http2/http2-common/9.4.46.v20220331/http2-common-9.4.46.v20220331.jar
7587c149a000-7587c149c000 r--s 0000d000 fc:00 10776417                   /home/kasun/.m2/repository/org/eclipse/jetty/http2/http2-server/9.4.46.v20220331/http2-server-9.4.46.v20220331.jar
7587c149c000-7587c149d000 r--s 00010000 fc:00 12321952                   /home/kasun/.m2/repository/org/eclipse/jetty/jetty-xml/9.4.53.v20231009/jetty-xml-9.4.53.v20231009.jar
7587c149d000-7587c14a0000 r--s 00020000 fc:00 12321948                   /home/kasun/.m2/repository/org/eclipse/jetty/jetty-webapp/9.4.53.v20231009/jetty-webapp-9.4.53.v20231009.jar
7587c14a0000-7587c14b5000 r--s 001db000 fc:00 10776414                   /home/kasun/.m2/repository/com/github/tomakehurst/wiremock-jre8/2.33.2/wiremock-jre8-2.33.2.jar
7587c14b5000-7587c14b7000 r--s 00008000 fc:00 10772703                   /home/kasun/.m2/repository/com/github/stefanbirkner/system-rules/1.19.0/system-rules-1.19.0.jar
7587c14b7000-7587c14b9000 r--s 00004000 fc:00 10776409                   /home/kasun/.m2/repository/com/madgag/animated-gif-lib/1.4/animated-gif-lib-1.4.jar
7587c14b9000-7587c14bf000 r--s 00052000 fc:00 10776408                   /home/kasun/.m2/repository/org/knowm/xchart/xchart/3.7.0/xchart-3.7.0.jar
7587c14bf000-7587c14c2000 r--s 00014000 fc:00 13108623                   /home/kasun/.m2/repository/de/rototor/pdfbox/graphics2d/3.0.1/graphics2d-3.0.1.jar
7587c14c2000-7587c14c7000 r--s 00021000 fc:00 10776488                   /home/kasun/.m2/repository/com/github/ralfstuckert/pdfbox-layout/pdfbox2-layout/1.0.0/pdfbox2-layout-1.0.0.jar
7587c14c7000-7587c14ca000 r--s 00017000 fc:00 10776403                   /home/kasun/.m2/repository/com/github/vandeseer/easytable/0.6.6/easytable-0.6.6.jar
7587c14ca000-7587c14d0000 r--s 00178000 fc:00 10776399                   /home/kasun/.m2/repository/org/apache/pdfbox/fontbox/2.0.24/fontbox-2.0.24.jar
7587c14d0000-7587c14e8000 r--s 00287000 fc:00 10776400                   /home/kasun/.m2/repository/org/apache/pdfbox/pdfbox/2.0.24/pdfbox-2.0.24.jar
7587c14e8000-7587c14eb000 r--s 00028000 fc:00 10776398                   /home/kasun/.m2/repository/org/unbescape/unbescape/1.1.6.RELEASE/unbescape-1.1.6.RELEASE.jar
7587c14eb000-7587c14f0000 r--s 00038000 fc:00 10776392                   /home/kasun/.m2/repository/org/attoparser/attoparser/2.0.7.RELEASE/attoparser-2.0.7.RELEASE.jar
7587c14f0000-7587c14f4000 r--s 0003d000 fc:00 10776391                   /home/kasun/.m2/repository/ognl/ognl/3.3.4/ognl-3.3.4.jar
7587c14f4000-7587c1505000 r--s 000d5000 fc:00 10776390                   /home/kasun/.m2/repository/org/thymeleaf/thymeleaf/3.1.2.RELEASE/thymeleaf-3.1.2.RELEASE.jar
7587c1505000-7587c1507000 r--s 00006000 fc:00 10776389                   /home/kasun/.m2/repository/org/skyscreamer/jsonassert/1.5.0/jsonassert-1.5.0.jar
7587c1507000-7587c1518000 r--s 0008b000 fc:00 12591800                   /home/kasun/.m2/repository/joda-time/joda-time/2.12.7/joda-time-2.12.7.jar
7587c1518000-7587c151a000 r--s 0000c000 fc:00 11670108                   /home/kasun/.m2/repository/org/zeroturnaround/zt-exec/1.12/zt-exec-1.12.jar
7587c151a000-7587c151c000 r--s 0000c000 fc:00 12591802                   /home/kasun/.m2/repository/com/sonatype/nexus/nexus-git-utils/1.52.1-01/nexus-git-utils-1.52.1-01.jar
7587c151c000-7587c151d000 r--s 00001000 fc:00 12594305                   /home/kasun/.m2/repository/net/javacrumbs/json-unit/json-unit-json-path/2.38.0/json-unit-json-path-2.38.0.jar
7587c151d000-7587c1521000 r--s 0001e000 fc:00 12594303                   /home/kasun/.m2/repository/net/javacrumbs/json-unit/json-unit-core/2.38.0/json-unit-core-2.38.0.jar
7587c1521000-7587c1522000 r--s 00006000 fc:00 12594301                   /home/kasun/.m2/repository/net/javacrumbs/json-unit/json-unit-assertj/2.38.0/json-unit-assertj-2.38.0.jar
7587c1522000-7587c1527000 r--s 00026000 fc:00 12603629                   /home/kasun/.m2/repository/org/xmlunit/xmlunit-core/2.9.1/xmlunit-core-2.9.1.jar
7587c1527000-7587c1529000 r--s 0000a000 fc:00 12603627                   /home/kasun/.m2/repository/org/xmlunit/xmlunit-assertj/2.9.1/xmlunit-assertj-2.9.1.jar
7587c1529000-7587c1530000 r--s 00045000 fc:00 12591797                   /home/kasun/.m2/repository/com/sonatype/nexus/nexus-scm-client/1.52.1-01/nexus-scm-client-1.52.1-01.jar
7587c1530000-7587c153d000 r--s 000a8000 fc:00 12587634                   /home/kasun/.m2/repository/org/apache/tika/tika-core/2.9.1/tika-core-2.9.1.jar
7587c153d000-7587c155f000 r--s 0012d000 fc:00 13768493                   /home/kasun/.m2/repository/net/java/dev/jna/jna-platform/5.14.0/jna-platform-5.14.0.jar
7587c155f000-7587c156f000 r--s 000e1000 fc:00 13768480                   /home/kasun/.m2/repository/com/github/oshi/oshi-core/6.5.0/oshi-core-6.5.0.jar
7587c156f000-7587c1571000 r--s 00009000 fc:00 11961314                   /home/kasun/.m2/repository/org/apache/httpcomponents/httpmime/4.5.14/httpmime-4.5.14.jar
7587c1571000-7587c1573000 r--s 0000e000 fc:00 10774265                   /home/kasun/.m2/repository/org/jvnet/mimepull/mimepull/1.9.15/mimepull-1.9.15.jar
7587c1573000-7587c1576000 r--s 00012000 fc:00 12608035                   /home/kasun/.m2/repository/org/glassfish/jersey/media/jersey-media-multipart/2.41/jersey-media-multipart-2.41.jar
7587c1576000-7587c157a000 r--s 00019000 fc:00 10772896                   /home/kasun/.m2/repository/javax/ws/rs/javax.ws.rs-api/2.0.1/javax.ws.rs-api-2.0.1.jar
7587c157a000-7587c15a1000 r--s 001f6000 fc:00 10774007                   /home/kasun/.m2/repository/org/apache/commons/commons-math3/3.6.1/commons-math3-3.6.1.jar
7587c15a1000-7587c15ca000 r--s 0007f000 fc:00 10776369                   /home/kasun/.m2/repository/org/apache/directory/api/api-ldap-schema-data/1.0.0/api-ldap-schema-data-1.0.0.jar
7587c15ca000-7587c15d3000 r--s 0004d000 fc:00 10776370                   /home/kasun/.m2/repository/org/apache/directory/api/api-ldap-codec-core/1.0.0/api-ldap-codec-core-1.0.0.jar
7587c15d3000-7587c15d5000 r--s 00002000 fc:00 10776366                   /home/kasun/.m2/repository/org/apache/directory/api/api-ldap-extras-sp/1.0.0/api-ldap-extras-sp-1.0.0.jar
7587c15d5000-7587c15d7000 r--s 00003000 fc:00 10776363                   /home/kasun/.m2/repository/org/apache/directory/api/api-ldap-net-mina/1.0.0/api-ldap-net-mina-1.0.0.jar
7587c15d7000-7587c15d9000 r--s 00003000 fc:00 10776362                   /home/kasun/.m2/repository/org/apache/directory/api/api-ldap-codec-standalone/1.0.0/api-ldap-codec-standalone-1.0.0.jar
7587c15d9000-7587c15db000 r--s 00007000 fc:00 10776360                   /home/kasun/.m2/repository/org/apache/directory/server/apacheds-test-framework/2.0.0-M24/apacheds-test-framework-2.0.0-M24.jar
7587c15db000-7587c15dd000 r--s 00012000 fc:00 10776359                   /home/kasun/.m2/repository/org/apache/directory/server/apacheds-protocol-kerberos/2.0.0-M24/apacheds-protocol-kerberos-2.0.0-M24.jar
7587c15dd000-7587c15de000 r--s 00005000 fc:00 10776356                   /home/kasun/.m2/repository/org/apache/directory/server/apacheds-server-annotations/2.0.0-M24/apacheds-server-annotations-2.0.0-M24.jar
7587c15de000-7587c15f1000 r--s 00096000 fc:00 10776353                   /home/kasun/.m2/repository/org/apache/directory/server/apacheds-kerberos-codec/2.0.0-M24/apacheds-kerberos-codec-2.0.0-M24.jar
7587c15f1000-7587c15f3000 r--s 00007000 fc:00 10776352                   /home/kasun/.m2/repository/org/apache/directory/server/apacheds-protocol-shared/2.0.0-M24/apacheds-protocol-shared-2.0.0-M24.jar
7587c15f3000-7587c15f7000 r--s 00035000 fc:00 10776350                   /home/kasun/.m2/repository/org/apache/directory/server/apacheds-protocol-ldap/2.0.0-M24/apacheds-protocol-ldap-2.0.0-M24.jar
7587c15f7000-7587c15f8000 r--s 0000a000 fc:00 10776349                   /home/kasun/.m2/repository/org/apache/directory/server/apacheds-i18n/2.0.0-M24/apacheds-i18n-2.0.0-M24.jar
7587c15f8000-7587c15fa000 r--s 0000a000 fc:00 10776346                   /home/kasun/.m2/repository/org/apache/directory/api/api-ldap-extras-trigger/1.0.0/api-ldap-extras-trigger-1.0.0.jar
7587c15fa000-7587c15fd000 r--s 00014000 fc:00 10776343                   /home/kasun/.m2/repository/org/apache/directory/server/apacheds-server-config/2.0.0-M24/apacheds-server-config-2.0.0-M24.jar
7587c15fd000-7587c15fe000 r--s 00004000 fc:00 10776340                   /home/kasun/.m2/repository/org/apache/directory/server/apacheds-interceptors-hash/2.0.0-M24/apacheds-interceptors-hash-2.0.0-M24.jar
7587c15fe000-7587c1606000 r--s 00039000 fc:00 10776341                   /home/kasun/.m2/repository/org/apache/directory/api/api-ldap-extras-codec/1.0.0/api-ldap-extras-codec-1.0.0.jar
7587c1606000-7587c1608000 r--s 00009000 fc:00 10776338                   /home/kasun/.m2/repository/org/apache/directory/server/apacheds-interceptors-authn/2.0.0-M24/apacheds-interceptors-authn-2.0.0-M24.jar
7587c1608000-7587c160b000 r--s 00017000 fc:00 10776335                   /home/kasun/.m2/repository/org/apache/directory/jdbm/apacheds-jdbm1/2.0.0-M3/apacheds-jdbm1-2.0.0-M3.jar
7587c160b000-7587c160e000 r--s 00011000 fc:00 10776333                   /home/kasun/.m2/repository/org/apache/directory/api/api-ldap-extras-codec-api/1.0.0/api-ldap-extras-codec-api-1.0.0.jar
7587c160e000-7587c160f000 r--s 0000b000 fc:00 10776332                   /home/kasun/.m2/repository/org/apache/directory/server/apacheds-core-shared/2.0.0-M24/apacheds-core-shared-2.0.0-M24.jar
7587c160f000-7587c1611000 r--s 0000c000 fc:00 10776331                   /home/kasun/.m2/repository/org/apache/directory/server/apacheds-core-jndi/2.0.0-M24/apacheds-core-jndi-2.0.0-M24.jar
7587c1611000-7587c16e8000 r--s 007a9000 fc:00 10776327                   /home/kasun/.m2/repository/net/sf/ehcache/ehcache/2.10.4/ehcache-2.10.4.jar
7587c16e8000-7587c16f5000 r--s 00093000 fc:00 10776325                   /home/kasun/.m2/repository/org/apache/mina/mina-core/2.0.16/mina-core-2.0.16.jar
7587c16f5000-7587c16f8000 r--s 00017000 fc:00 10776324                   /home/kasun/.m2/repository/org/apache/directory/api/api-ldap-extras-aci/1.0.0/api-ldap-extras-aci-1.0.0.jar
7587c16f8000-7587c16fb000 r--s 00019000 fc:00 10776323                   /home/kasun/.m2/repository/commons-pool/commons-pool/1.6/commons-pool-1.6.jar
7587c16fb000-7587c16fe000 r--s 00020000 fc:00 10776321                   /home/kasun/.m2/repository/org/apache/directory/api/api-ldap-client-api/1.0.0/api-ldap-client-api-1.0.0.jar
7587c16fe000-7587c16ff000 r--s 00002000 fc:00 10776316                   /home/kasun/.m2/repository/org/apache/directory/server/apacheds-core-constants/2.0.0-M24/apacheds-core-constants-2.0.0-M24.jar
7587c16ff000-7587c1705000 r--s 00039000 fc:00 10776317                   /home/kasun/.m2/repository/org/apache/directory/server/apacheds-core-api/2.0.0-M24/apacheds-core-api-2.0.0-M24.jar
7587c1705000-7587c1707000 r--s 0000c000 fc:00 10776314                   /home/kasun/.m2/repository/org/apache/directory/server/apacheds-mavibot-partition/2.0.0-M24/apacheds-mavibot-partition-2.0.0-M24.jar
7587c1707000-7587c170c000 r--s 00042000 fc:00 10776313                   /home/kasun/.m2/repository/org/apache/directory/mavibot/mavibot/1.0.0-M8/mavibot-1.0.0-M8.jar
7587c170c000-7587c170e000 r--s 0000e000 fc:00 10776310                   /home/kasun/.m2/repository/org/apache/directory/server/apacheds-core-avl/2.0.0-M24/apacheds-core-avl-2.0.0-M24.jar
7587c170e000-7587c1712000 r--s 00029000 fc:00 10776307                   /home/kasun/.m2/repository/org/apache/directory/server/apacheds-xdbm-partition/2.0.0-M24/apacheds-xdbm-partition-2.0.0-M24.jar
7587c1712000-7587c1714000 r--s 00006000 fc:00 10776308                   /home/kasun/.m2/repository/org/apache/directory/server/apacheds-ldif-partition/2.0.0-M24/apacheds-ldif-partition-2.0.0-M24.jar
7587c1714000-7587c1715000 r--s 00007000 fc:00 10776304                   /home/kasun/.m2/repository/org/apache/directory/server/apacheds-core-annotations/2.0.0-M24/apacheds-core-annotations-2.0.0-M24.jar
7587c1715000-7587c1716000 r--s 00004000 fc:00 10776303                   /home/kasun/.m2/repository/org/apache/directory/api/api-ldap-extras-util/1.0.0/api-ldap-extras-util-1.0.0.jar
7587c1716000-7587c1718000 r--s 0000a000 fc:00 10776300                   /home/kasun/.m2/repository/org/apache/directory/server/apacheds-interceptors-trigger/2.0.0-M24/apacheds-interceptors-trigger-2.0.0-M24.jar
7587c1718000-7587c1719000 r--s 00006000 fc:00 10776298                   /home/kasun/.m2/repository/org/apache/directory/server/apacheds-interceptors-subtree/2.0.0-M24/apacheds-interceptors-subtree-2.0.0-M24.jar
7587c1719000-7587c171a000 r--s 00009000 fc:00 10776296                   /home/kasun/.m2/repository/org/apache/directory/server/apacheds-interceptors-schema/2.0.0-M24/apacheds-interceptors-schema-2.0.0-M24.jar
7587c171a000-7587c171b000 r--s 00002000 fc:00 10776294                   /home/kasun/.m2/repository/org/apache/directory/server/apacheds-interceptors-referral/2.0.0-M24/apacheds-interceptors-referral-2.0.0-M24.jar
7587c171b000-7587c171c000 r--s 00004000 fc:00 10776292                   /home/kasun/.m2/repository/org/apache/directory/server/apacheds-interceptors-operational/2.0.0-M24/apacheds-interceptors-operational-2.0.0-M24.jar
7587c171c000-7587c171d000 r--s 00003000 fc:00 10776291                   /home/kasun/.m2/repository/org/apache/directory/server/apacheds-interceptors-normalization/2.0.0-M24/apacheds-interceptors-normalization-2.0.0-M24.jar
7587c171d000-7587c171e000 r--s 00003000 fc:00 10776288                   /home/kasun/.m2/repository/org/apache/directory/server/apacheds-interceptors-journal/2.0.0-M24/apacheds-interceptors-journal-2.0.0-M24.jar
7587c171e000-7587c171f000 r--s 00002000 fc:00 10776285                   /home/kasun/.m2/repository/org/apache/directory/server/apacheds-interceptors-exception/2.0.0-M24/apacheds-interceptors-exception-2.0.0-M24.jar
7587c171f000-7587c1720000 r--s 00004000 fc:00 10776284                   /home/kasun/.m2/repository/org/apache/directory/server/apacheds-interceptors-event/2.0.0-M24/apacheds-interceptors-event-2.0.0-M24.jar
7587c1720000-7587c1721000 r--s 00003000 fc:00 10776281                   /home/kasun/.m2/repository/org/apache/directory/server/apacheds-interceptors-collective/2.0.0-M24/apacheds-interceptors-collective-2.0.0-M24.jar
7587c1721000-7587c1722000 r--s 00005000 fc:00 10776282                   /home/kasun/.m2/repository/org/apache/directory/server/apacheds-interceptors-changelog/2.0.0-M24/apacheds-interceptors-changelog-2.0.0-M24.jar
7587c1722000-7587c1724000 r--s 0000e000 fc:00 10776278                   /home/kasun/.m2/repository/org/apache/directory/server/apacheds-interceptors-authz/2.0.0-M24/apacheds-interceptors-authz-2.0.0-M24.jar
7587c1724000-7587c1725000 r--s 00002000 fc:00 10776276                   /home/kasun/.m2/repository/org/apache/directory/server/apacheds-interceptors-number/2.0.0-M24/apacheds-interceptors-number-2.0.0-M24.jar
7587c1725000-7587c1726000 r--s 00004000 fc:00 10776274                   /home/kasun/.m2/repository/org/apache/directory/server/apacheds-interceptors-admin/2.0.0-M24/apacheds-interceptors-admin-2.0.0-M24.jar
7587c1726000-7587c1728000 r--s 0000a000 fc:00 10776273                   /home/kasun/.m2/repository/org/apache/directory/server/apacheds-core/2.0.0-M24/apacheds-core-2.0.0-M24.jar
7587c1728000-7587c172a000 r--s 00008000 fc:00 10776271                   /home/kasun/.m2/repository/org/apache/directory/server/apacheds-core-integ/2.0.0-M24/apacheds-core-integ-2.0.0-M24.jar
7587c172a000-7587c172c000 r--s 00002000 fc:00 13107757                   /home/kasun/.m2/repository/com/sonatype/insight/portal/insight-license-model/2.54.17/insight-license-model-2.54.17.jar
7587c172c000-7587c1733000 r--s 00032000 fc:00 10774061                   /home/kasun/.m2/repository/org/keycloak/keycloak-server-spi/21.1.2/keycloak-server-spi-21.1.2.jar
7587c1733000-7587c173c000 r--s 0004c000 fc:00 10774059                   /home/kasun/.m2/repository/org/keycloak/keycloak-core/21.1.2/keycloak-core-21.1.2.jar
7587c173c000-7587c173e000 r--s 00007000 fc:00 10774058                   /home/kasun/.m2/repository/org/keycloak/keycloak-crypto-default/21.1.2/keycloak-crypto-default-21.1.2.jar
7587c173e000-7587c1742000 r--s 00027000 fc:00 10774057                   /home/kasun/.m2/repository/org/keycloak/keycloak-saml-adapter-core/21.1.2/keycloak-saml-adapter-core-21.1.2.jar
7587c1742000-7587c1743000 r--s 00001000 fc:00 10774055                   /home/kasun/.m2/repository/org/keycloak/keycloak-saml-adapter-api-public/21.1.2/keycloak-saml-adapter-api-public-21.1.2.jar
7587c1743000-7587c1758000 r--s 00102000 fc:00 11153588                   /home/kasun/.m2/repository/org/apache/santuario/xmlsec/3.0.3/xmlsec-3.0.3.jar
7587c1758000-7587c1761000 r--s 00034000 fc:00 10774046                   /home/kasun/.m2/repository/org/keycloak/keycloak-saml-core-public/21.1.2/keycloak-saml-core-public-21.1.2.jar
7587c1761000-7587c176d000 r--s 0007d000 fc:00 10774045                   /home/kasun/.m2/repository/org/keycloak/keycloak-saml-core/21.1.2/keycloak-saml-core-21.1.2.jar
7587c176d000-7587c176f000 r--s 00003000 fc:00 10774040                   /home/kasun/.m2/repository/org/keycloak/keycloak-servlet-adapter-spi/21.1.2/keycloak-servlet-adapter-spi-21.1.2.jar
7587c176f000-7587c1771000 r--s 00002000 fc:00 10774038                   /home/kasun/.m2/repository/org/keycloak/keycloak-adapter-spi/21.1.2/keycloak-adapter-spi-21.1.2.jar
7587c1771000-7587c1775000 r--s 00027000 fc:00 10774034                   /home/kasun/.m2/repository/org/keycloak/keycloak-common/21.1.2/keycloak-common-21.1.2.jar
7587c1775000-7587c1777000 r--s 0000d000 fc:00 10774030                   /home/kasun/.m2/repository/org/jboss/logging/jboss-logging/3.4.1.Final/jboss-logging-3.4.1.Final.jar
7587c1777000-7587c1779000 r--s 00002000 fc:00 10774031                   /home/kasun/.m2/repository/org/keycloak/keycloak-saml-servlet-filter-adapter/21.1.2/keycloak-saml-servlet-filter-adapter-21.1.2.jar
7587c1779000-7587c177b000 r--s 00005000 fc:00 10776266                   /home/kasun/.m2/repository/javax/annotation/javax.annotation-api/1.3.2/javax.annotation-api-1.3.2.jar
7587c177b000-7587c177c000 r--s 00001000 fc:00 11951113                   /home/kasun/.m2/repository/org/checkerframework/checker-compat-qual/2.5.5/checker-compat-qual-2.5.5.jar
7587c177c000-7587c177e000 r--s 0000c000 fc:00 12714857                   /home/kasun/.m2/repository/org/apache/shiro/shiro-guice/1.13.0/shiro-guice-1.13.0.jar
7587c177e000-7587c1780000 r--s 00008000 fc:00 10776262                   /home/kasun/.m2/repository/org/owasp/encoder/encoder/1.2.3/encoder-1.2.3.jar
7587c1780000-7587c1784000 r--s 00025000 fc:00 12714855                   /home/kasun/.m2/repository/org/apache/shiro/shiro-web/1.13.0/shiro-web-1.13.0.jar
7587c1784000-7587c1785000 r--s 00004000 fc:00 12714826                   /home/kasun/.m2/repository/org/apache/shiro/shiro-event/1.13.0/shiro-event-1.13.0.jar
7587c1785000-7587c1787000 r--s 00009000 fc:00 12714848                   /home/kasun/.m2/repository/org/apache/shiro/shiro-config-ogdl/1.13.0/shiro-config-ogdl-1.13.0.jar
7587c1787000-7587c1788000 r--s 00004000 fc:00 12714841                   /home/kasun/.m2/repository/org/apache/shiro/shiro-config-core/1.13.0/shiro-config-core-1.13.0.jar
7587c1788000-7587c178a000 r--s 00005000 fc:00 12714851                   /home/kasun/.m2/repository/org/apache/shiro/shiro-crypto-cipher/1.13.0/shiro-crypto-cipher-1.13.0.jar
7587c178a000-7587c178b000 r--s 00002000 fc:00 12714835                   /home/kasun/.m2/repository/org/apache/shiro/shiro-crypto-core/1.13.0/shiro-crypto-core-1.13.0.jar
7587c178b000-7587c178d000 r--s 00007000 fc:00 12714852                   /home/kasun/.m2/repository/org/apache/shiro/shiro-crypto-hash/1.13.0/shiro-crypto-hash-1.13.0.jar
7587c178d000-7587c178f000 r--s 00002000 fc:00 12714847                   /home/kasun/.m2/repository/org/apache/shiro/shiro-cache/1.13.0/shiro-cache-1.13.0.jar
7587c178f000-7587c1791000 r--s 0000b000 fc:00 12714828                   /home/kasun/.m2/repository/org/apache/shiro/shiro-lang/1.13.0/shiro-lang-1.13.0.jar
7587c1791000-7587c179b000 r--s 0005e000 fc:00 12714830                   /home/kasun/.m2/repository/org/apache/shiro/shiro-core/1.13.0/shiro-core-1.13.0.jar
7587c179b000-7587c179e000 r--s 00013000 fc:00 10767567                   /home/kasun/.m2/repository/org/sonatype/aether/aether-api/1.13.1/aether-api-1.13.1.jar
7587c179e000-7587c17a3000 r--s 00019000 fc:00 10773902                   /home/kasun/.m2/repository/com/sonatype/licensing/license-bundle/1.6.0/license-bundle-1.6.0.jar
7587c17a3000-7587c17a7000 r--s 00018000 fc:00 13107719                   /home/kasun/.m2/repository/com/sonatype/clm/com.sonatype.clm.dto.model/1.58.7-01/com.sonatype.clm.dto.model-1.58.7-01.jar
7587c17a7000-7587c17a9000 r--s 00000000 fc:00 13107210                   /home/kasun/.m2/repository/com/google/guava/failureaccess/1.0.2/failureaccess-1.0.2.jar
7587c17a9000-7587c17dd000 r--s 002b6000 fc:00 12728526                   /home/kasun/.m2/repository/com/google/guava/guava/33.1.0-jre/guava-33.1.0-jre.jar
7587c17dd000-7587c17fb000 r--s 00197000 fc:00 13108645                   /home/kasun/.m2/repository/com/sonatype/insight/scan/insight-test-reverse-proxy/2.36.90-01/insight-test-reverse-proxy-2.36.90-01.jar
7587c17fb000-7587c17fd000 r--s 00004000 fc:00 9854164                    /home/kasun/.m2/repository/com/typesafe/netty/netty-reactive-streams/2.0.4/netty-reactive-streams-2.0.4.jar
7587c17fd000-7587c17fe000 r--s 00002000 fc:00 11961115                   /home/kasun/.m2/repository/org/reactivestreams/reactive-streams/1.0.3/reactive-streams-1.0.3.jar
7587c17fe000-7587c1800000 r--s 0001a000 fc:00 11961139                   /home/kasun/.m2/repository/io/netty/netty-transport-native-kqueue/4.1.60.Final/netty-transport-native-kqueue-4.1.60.Final-osx-x86_64.jar
7587c1800000-7587c1802000 r--s 00007000 fc:00 11961104                   /home/kasun/.m2/repository/io/netty/netty-transport-native-unix-common/4.1.60.Final/netty-transport-native-unix-common-4.1.60.Final.jar
7587c1802000-7587c1805000 r--s 00024000 fc:00 11942394                   /home/kasun/.m2/repository/io/netty/netty-transport-native-epoll/4.1.60.Final/netty-transport-native-epoll-4.1.60.Final-linux-x86_64.jar
7587c1805000-7587c1806000 r--s 00005000 fc:00 11942393                   /home/kasun/.m2/repository/io/netty/netty-handler-proxy/4.1.60.Final/netty-handler-proxy-4.1.60.Final.jar
7587c1806000-7587c180b000 r--s 00019000 fc:00 11942379                   /home/kasun/.m2/repository/io/netty/netty-codec-socks/4.1.60.Final/netty-codec-socks-4.1.60.Final.jar
7587c180b000-7587c180d000 r--s 00007000 fc:00 11942386                   /home/kasun/.m2/repository/io/netty/netty-resolver/4.1.60.Final/netty-resolver-4.1.60.Final.jar
7587c180d000-7587c1816000 r--s 00070000 fc:00 11942395                   /home/kasun/.m2/repository/io/netty/netty-handler/4.1.60.Final/netty-handler-4.1.60.Final.jar
7587c1816000-7587c181c000 r--s 00049000 fc:00 11942377                   /home/kasun/.m2/repository/io/netty/netty-codec/4.1.60.Final/netty-codec-4.1.60.Final.jar
7587c181c000-7587c1826000 r--s 0006b000 fc:00 11942388                   /home/kasun/.m2/repository/io/netty/netty-transport/4.1.60.Final/netty-transport-4.1.60.Final.jar
7587c1826000-7587c1834000 r--s 00091000 fc:00 11942378                   /home/kasun/.m2/repository/io/netty/netty-common/4.1.60.Final/netty-common-4.1.60.Final.jar
7587c1834000-7587c183f000 r--s 0008e000 fc:00 11942381                   /home/kasun/.m2/repository/io/netty/netty-codec-http/4.1.60.Final/netty-codec-http-4.1.60.Final.jar
7587c183f000-7587c1844000 r--s 00045000 fc:00 11942380                   /home/kasun/.m2/repository/io/netty/netty-buffer/4.1.60.Final/netty-buffer-4.1.60.Final.jar
7587c1844000-7587c1845000 r--s 00002000 fc:00 11961195                   /home/kasun/.m2/repository/org/asynchttpclient/async-http-client-netty-utils/2.12.3/async-http-client-netty-utils-2.12.3.jar
7587c1845000-7587c184e000 r--s 00066000 fc:00 11961206                   /home/kasun/.m2/repository/org/asynchttpclient/async-http-client/2.12.3/async-http-client-2.12.3.jar
7587c184e000-7587c184f000 r--s 00003000 fc:00 13107783                   /home/kasun/.m2/repository/com/sonatype/insight/portal/insight-jaxrs-testing/2.54.17/insight-jaxrs-testing-2.54.17.jar
7587c184f000-7587c1850000 r--s 00014000 fc:00 11951108                   /home/kasun/.m2/repository/org/ow2/asm/asm-util/8.0/asm-util-8.0.jar
7587c1850000-7587c1852000 r--s 00003000 fc:00 13107779                   /home/kasun/.m2/repository/com/sonatype/insight/portal/insight-license-dto-model/2.54.17/insight-license-dto-model-2.54.17.jar
7587c1852000-7587c1854000 r--s 00001000 fc:00 13107775                   /home/kasun/.m2/repository/com/sonatype/insight/portal/insight-scan-report-model/2.54.17/insight-scan-report-model-2.54.17.jar
7587c1854000-7587c1855000 r--s 00003000 fc:00 13107785                   /home/kasun/.m2/repository/com/sonatype/insight/portal/insight-license-util/2.54.17/insight-license-util-2.54.17.jar
7587c1855000-7587c1856000 r--s 00003000 fc:00 13107259                   /home/kasun/.m2/repository/com/sonatype/insight/scan/insight-test-networking/2.36.90-01/insight-test-networking-2.36.90-01.jar
7587c1856000-7587c1857000 r--s 00003000 fc:00 13107749                   /home/kasun/.m2/repository/com/sonatype/insight/portal/insight-test/2.54.17/insight-test-2.54.17.jar
7587c1857000-7587c185e000 r--s 0004a000 fc:00 12321937                   /home/kasun/.m2/repository/org/eclipse/jetty/jetty-client/9.4.53.v20231009/jetty-client-9.4.53.v20231009.jar
7587c185e000-7587c1860000 r--s 00016000 fc:00 12321938                   /home/kasun/.m2/repository/org/eclipse/jetty/jetty-proxy/9.4.53.v20231009/jetty-proxy-9.4.53.v20231009.jar
7587c1860000-7587c1862000 r--s 00004000 fc:00 13380909                   /home/kasun/.m2/build-cache/v1.1/com.sonatype.insight.brain/hds-mock-server/43e4590e1aa34cff/local/hds-mock-server.jar
7587c1862000-7587c1864000 r--s 0000a000 fc:00 10776237                   /home/kasun/.m2/repository/jakarta/activation/jakarta.activation-api/1.2.2/jakarta.activation-api-1.2.2.jar
7587c1864000-7587c1865000 r--s 00006000 fc:00 12727575                   /home/kasun/.m2/repository/org/glassfish/jersey/test-framework/providers/jersey-test-framework-provider-inmemory/2.41/jersey-test-framework-provider-inmemory-2.41.jar
7587c1865000-7587c1868000 r--s 00015000 fc:00 12727570                   /home/kasun/.m2/repository/org/glassfish/jersey/media/jersey-media-jaxb/2.41/jersey-media-jaxb-2.41.jar
7587c1868000-7587c186a000 r--s 0000a000 fc:00 12727545                   /home/kasun/.m2/repository/org/glassfish/jersey/test-framework/jersey-test-framework-core/2.41/jersey-test-framework-core-2.41.jar
7587c186a000-7587c187d000 r--s 000d6000 fc:00 12620219                   /home/kasun/.m2/repository/org/glassfish/jersey/core/jersey-server/2.41/jersey-server-2.41.jar
7587c187d000-7587c1883000 r--s 00044000 fc:00 12607993                   /home/kasun/.m2/repository/org/glassfish/jersey/core/jersey-client/2.41/jersey-client-2.41.jar
7587c1883000-7587c1885000 r--s 00010000 fc:00 12620224                   /home/kasun/.m2/repository/org/glassfish/jersey/containers/jersey-container-servlet-core/2.41/jersey-container-servlet-core-2.41.jar
7587c1885000-7587c1887000 r--s 0000e000 fc:00 12620265                   /home/kasun/.m2/repository/io/dropwizard/dropwizard-testing/2.1.11/dropwizard-testing-2.1.11.jar
7587c1887000-7587c1888000 r--s 00002000 fc:00 10776226                   /home/kasun/.m2/repository/org/jvnet/mock-javamail/mock-javamail/1.9/mock-javamail-1.9.jar
7587c1888000-7587c189d000 r--s 0013a000 fc:00 12723644                   /home/kasun/.m2/repository/org/assertj/assertj-core/3.25.3/assertj-core-3.25.3.jar
7587c189d000-7587c189f000 r--s 00009000 fc:00 10772249                   /home/kasun/.m2/repository/org/hamcrest/hamcrest-core/1.3/hamcrest-core-1.3.jar
7587c189f000-7587c18f6000 r--s 00370000 fc:00 10772606                   /home/kasun/.m2/repository/net/bytebuddy/byte-buddy/1.12.19/byte-buddy-1.12.19.jar
7587c18f6000-7587c1af6000 rw-p 00000000 00:00 0 
7587c1af6000-7587c1aff000 r--s 00055000 fc:00 10772250                   /home/kasun/.m2/repository/junit/junit/4.13.2/junit-4.13.2.jar
7587c1aff000-7587c1b02000 r--s 0003c000 fc:00 10772604                   /home/kasun/.m2/repository/net/bytebuddy/byte-buddy-agent/1.12.19/byte-buddy-agent-1.12.19.jar
7587c1b02000-7587c1b14000 r--s 00096000 fc:00 10772603                   /home/kasun/.m2/repository/org/mockito/mockito-core/4.11.0/mockito-core-4.11.0.jar
7587c1b14000-7587c1b18000 r--s 0001b000 fc:00 10773884                   /home/kasun/.m2/repository/org/hamcrest/hamcrest/2.1/hamcrest-2.1.jar
7587c1b18000-7587c1b1b000 r--s 00015000 fc:00 11963311                   /home/kasun/.m2/repository/org/awaitility/awaitility/4.2.0/awaitility-4.2.0.jar
7587c1b1b000-7587c1b1c000 r--s 00001000 fc:00 10776224                   /home/kasun/.m2/repository/io/opentracing/contrib/opentracing-tracerresolver/0.1.0/opentracing-tracerresolver-0.1.0.jar
7587c1b1c000-7587c1b1d000 r--s 00002000 fc:00 10776221                   /home/kasun/.m2/repository/io/opentracing/opentracing-util/0.32.0/opentracing-util-0.32.0.jar
7587c1b1d000-7587c1b1e000 r--s 00002000 fc:00 10776219                   /home/kasun/.m2/repository/io/opentracing/opentracing-noop/0.32.0/opentracing-noop-0.32.0.jar
7587c1b1e000-7587c1b20000 r--s 00003000 fc:00 10776218                   /home/kasun/.m2/repository/io/opentracing/opentracing-api/0.32.0/opentracing-api-0.32.0.jar
7587c1b20000-7587c1b8c000 r--s 00670000 fc:00 13123409                   /home/kasun/.m2/repository/com/datadoghq/dd-trace-ot/1.31.2/dd-trace-ot-1.31.2.jar
7587c1b8c000-7587c1b8f000 r--s 00010000 fc:00 13123097                   /home/kasun/.m2/repository/com/datadoghq/dd-trace-api/1.31.2/dd-trace-api-1.31.2.jar
7587c1b8f000-7587c1b9a000 r--s 0009f000 fc:00 10772903                   /home/kasun/.m2/repository/org/quartz-scheduler/quartz/2.3.2/quartz-2.3.2.jar
7587c1b9a000-7587c1b9d000 r--s 0000c000 fc:00 10773922                   /home/kasun/.m2/repository/org/apache/maven/maven-artifact/3.8.1/maven-artifact-3.8.1.jar
7587c1b9d000-7587c1ba4000 r--s 00066000 fc:00 12592269                   /home/kasun/.m2/repository/org/jsoup/jsoup/1.17.2/jsoup-1.17.2.jar
7587c1ba4000-7587c1ba6000 r--s 00002000 fc:00 10776210                   /home/kasun/.m2/repository/org/codehaus/plexus/plexus-cipher/2.0/plexus-cipher-2.0.jar
7587c1ba6000-7587c1ba9000 r--s 00011000 fc:00 9734113                    /home/kasun/.m2/repository/ru/vyarus/generics-resolver/3.0.3/generics-resolver-3.0.3.jar
7587c1ba9000-7587c1bac000 r--s 00012000 fc:00 12326409                   /home/kasun/.m2/repository/com/google/inject/extensions/guice-servlet/6.0.0/guice-servlet-6.0.0.jar
7587c1bac000-7587c1bb8000 r--s 0006a000 fc:00 9735400                    /home/kasun/.m2/repository/ru/vyarus/dropwizard-guicey/5.9.1/dropwizard-guicey-5.9.1.jar
7587c1bb8000-7587c1bba000 r--s 00003000 fc:00 10776209                   /home/kasun/.m2/repository/io/dropwizard/modules/dropwizard-web/1.5.0/dropwizard-web-1.5.0.jar
7587c1bba000-7587c1bbb000 r--s 00000000 fc:00 12727561                   /home/kasun/.m2/repository/io/dropwizard/dropwizard-assets/2.1.11/dropwizard-assets-2.1.11.jar
7587c1bbb000-7587c1bbc000 r--s 00000000 fc:00 12727543                   /home/kasun/.m2/repository/io/dropwizard/dropwizard-forms/2.1.11/dropwizard-forms-2.1.11.jar
7587c1bbc000-7587c1bdd000 r--s 00122000 fc:00 10776203                   /home/kasun/.m2/repository/org/hibernate/validator/hibernate-validator/6.2.5.Final/hibernate-validator-6.2.5.Final.jar
7587c1bdd000-7587c1bdf000 r--s 0000d000 fc:00 12727527                   /home/kasun/.m2/repository/org/glassfish/jersey/ext/jersey-bean-validation/2.41/jersey-bean-validation-2.41.jar
7587c1bdf000-7587c1be0000 r--s 00004000 fc:00 10774266                   /home/kasun/.m2/repository/org/glassfish/hk2/osgi-resource-locator/1.0.3/osgi-resource-locator-1.0.3.jar
7587c1be0000-7587c1bfb000 r--s 00119000 fc:00 12608046                   /home/kasun/.m2/repository/org/glassfish/jersey/core/jersey-common/2.41/jersey-common-2.41.jar
7587c1bfb000-7587c1bfd000 r--s 00002000 fc:00 10776199                   /home/kasun/.m2/repository/org/eclipse/jetty/toolchain/setuid/jetty-setuid-java/1.0.4/jetty-setuid-java-1.0.4.jar
7587c1bfd000-7587c1bff000 r--s 0000f000 fc:00 12321947                   /home/kasun/.m2/repository/org/eclipse/jetty/jetty-util-ajax/9.4.53.v20231009/jetty-util-ajax-9.4.53.v20231009.jar
7587c1bff000-7587c1c02000 r--s 00021000 fc:00 12321941                   /home/kasun/.m2/repository/org/eclipse/jetty/jetty-servlet/9.4.53.v20231009/jetty-servlet-9.4.53.v20231009.jar
7587c1c02000-7587c1c05000 r--s 0001b000 fc:00 10776192                   /home/kasun/.m2/repository/net/sourceforge/argparse4j/argparse4j/0.9.0/argparse4j-0.9.0.jar
7587c1c05000-7587c1c09000 r--s 0001f000 fc:00 10774273                   /home/kasun/.m2/repository/jakarta/ws/rs/jakarta.ws.rs-api/2.1.6/jakarta.ws.rs-api-2.1.6.jar
7587c1c09000-7587c1c0d000 r--s 00017000 fc:00 12722625                   /home/kasun/.m2/repository/ch/qos/logback/logback-access/1.3.14/logback-access-1.3.14.jar
7587c1c0d000-7587c1c0f000 r--s 00003000 fc:00 12727574                   /home/kasun/.m2/repository/io/dropwizard/dropwizard-request-logging/2.1.11/dropwizard-request-logging-2.1.11.jar
7587c1c0f000-7587c1c10000 r--s 00005000 fc:00 12620218                   /home/kasun/.m2/repository/io/dropwizard/metrics/metrics-healthchecks/4.2.23/metrics-healthchecks-4.2.23.jar
7587c1c10000-7587c1c11000 r--s 00003000 fc:00 10776183                   /home/kasun/.m2/repository/com/helger/profiler/1.1.1/profiler-1.1.1.jar
7587c1c11000-7587c1c13000 r--s 00003000 fc:00 12727585                   /home/kasun/.m2/repository/io/dropwizard/metrics/metrics-json/4.2.23/metrics-json-4.2.23.jar
7587c1c13000-7587c1c15000 r--s 00004000 fc:00 12620261                   /home/kasun/.m2/repository/io/dropwizard/metrics/metrics-servlets/4.2.23/metrics-servlets-4.2.23.jar
7587c1c15000-7587c1c17000 r--s 00004000 fc:00 12620256                   /home/kasun/.m2/repository/io/dropwizard/metrics/metrics-jmx/4.2.23/metrics-jmx-4.2.23.jar
7587c1c17000-7587c1c19000 r--s 00005000 fc:00 12620207                   /home/kasun/.m2/repository/io/dropwizard/metrics/metrics-jvm/4.2.23/metrics-jvm-4.2.23.jar
7587c1c19000-7587c1c1b000 r--s 00008000 fc:00 12620249                   /home/kasun/.m2/repository/io/dropwizard/metrics/metrics-jetty9/4.2.23/metrics-jetty9-4.2.23.jar
7587c1c1b000-7587c1c1c000 r--s 00001000 fc:00 12620241                   /home/kasun/.m2/repository/io/dropwizard/metrics/metrics-annotation/4.2.23/metrics-annotation-4.2.23.jar
7587c1c1c000-7587c1c1f000 r--s 0001d000 fc:00 12620220                   /home/kasun/.m2/repository/io/dropwizard/metrics/metrics-core/4.2.23/metrics-core-4.2.23.jar
7587c1c1f000-7587c1c21000 r--s 0000a000 fc:00 12620268                   /home/kasun/.m2/repository/io/dropwizard/dropwizard-health/2.1.11/dropwizard-health-2.1.11.jar
7587c1c21000-7587c1c23000 r--s 00003000 fc:00 12620255                   /home/kasun/.m2/repository/io/dropwizard/dropwizard-lifecycle/2.1.11/dropwizard-lifecycle-2.1.11.jar
7587c1c23000-7587c1c25000 r--s 00007000 fc:00 12620233                   /home/kasun/.m2/repository/io/dropwizard/dropwizard-jetty/2.1.11/dropwizard-jetty-2.1.11.jar
7587c1c25000-7587c1c27000 r--s 00007000 fc:00 12620237                   /home/kasun/.m2/repository/io/dropwizard/dropwizard-servlets/2.1.11/dropwizard-servlets-2.1.11.jar
7587c1c27000-7587c1c28000 r--s 00007000 fc:00 12620260                   /home/kasun/.m2/repository/org/glassfish/jersey/containers/jersey-container-servlet/2.41/jersey-container-servlet-2.41.jar
7587c1c28000-7587c1c2c000 r--s 0001d000 fc:00 10776159                   /home/kasun/.m2/repository/org/glassfish/hk2/hk2-utils/2.6.1/hk2-utils-2.6.1.jar
7587c1c2c000-7587c1c31000 r--s 0002c000 fc:00 10776156                   /home/kasun/.m2/repository/org/glassfish/hk2/hk2-api/2.6.1/hk2-api-2.6.1.jar
7587c1c31000-7587c1c33000 r--s 00005000 fc:00 10774274                   /home/kasun/.m2/repository/jakarta/annotation/jakarta.annotation-api/1.3.5/jakarta.annotation-api-1.3.5.jar
7587c1c33000-7587c1c35000 r--s 00004000 fc:00 12620253                   /home/kasun/.m2/repository/io/dropwizard/metrics/metrics-jersey2/4.2.23/metrics-jersey2-4.2.23.jar
7587c1c35000-7587c1c39000 r--s 0002e000 fc:00 10776152                   /home/kasun/.m2/repository/org/glassfish/hk2/hk2-locator/2.6.1/hk2-locator-2.6.1.jar
7587c1c39000-7587c1c3c000 r--s 00011000 fc:00 12608051                   /home/kasun/.m2/repository/org/glassfish/jersey/inject/jersey-hk2/2.41/jersey-hk2-2.41.jar
7587c1c3c000-7587c1c3d000 r--s 00004000 fc:00 12620248                   /home/kasun/.m2/repository/org/glassfish/jersey/ext/jersey-metainf-services/2.41/jersey-metainf-services-2.41.jar
7587c1c3d000-7587c1c40000 r--s 00017000 fc:00 12620228                   /home/kasun/.m2/repository/io/dropwizard/dropwizard-jersey/2.1.11/dropwizard-jersey-2.1.11.jar
7587c1c40000-7587c1c42000 r--s 00003000 fc:00 12620251                   /home/kasun/.m2/repository/io/dropwizard/dropwizard-metrics/2.1.11/dropwizard-metrics-2.1.11.jar
7587c1c42000-7587c1c44000 r--s 00004000 fc:00 10776142                   /home/kasun/.m2/repository/org/slf4j/log4j-over-slf4j/1.7.36/log4j-over-slf4j-1.7.36.jar
7587c1c44000-7587c1c4b000 r--s 00029000 fc:00 12620234                   /home/kasun/.m2/repository/io/dropwizard/logback/logback-throttling-appender/1.1.11/logback-throttling-appender-1.1.11.jar
7587c1c4b000-7587c1c4d000 r--s 00000000 fc:00 10776139                   /home/kasun/.m2/repository/org/slf4j/jul-to-slf4j/1.7.36/jul-to-slf4j-1.7.36.jar
7587c1c4d000-7587c1c4f000 r--s 00000000 fc:00 12620229                   /home/kasun/.m2/repository/io/dropwizard/metrics/metrics-logback/4.2.23/metrics-logback-4.2.23.jar
7587c1c4f000-7587c1c51000 r--s 0000b000 fc:00 12620232                   /home/kasun/.m2/repository/io/dropwizard/dropwizard-logging/2.1.11/dropwizard-logging-2.1.11.jar
7587c1c51000-7587c1c53000 r--s 00006000 fc:00 12620264                   /home/kasun/.m2/repository/io/dropwizard/dropwizard-configuration/2.1.11/dropwizard-configuration-2.1.11.jar
7587c1c53000-7587c1c55000 r--s 0000f000 fc:00 11152367                   /home/kasun/.m2/repository/com/fasterxml/classmate/1.6.0/classmate-1.6.0.jar
7587c1c55000-7587c1c57000 r--s 00007000 fc:00 12620240                   /home/kasun/.m2/repository/io/dropwizard/dropwizard-validation/2.1.11/dropwizard-validation-2.1.11.jar
7587c1c57000-7587c1c59000 r--s 0000e000 fc:00 12583086                   /home/kasun/.m2/repository/com/fasterxml/jackson/module/jackson-module-blackbird/2.16.2/jackson-module-blackbird-2.16.2.jar
7587c1c59000-7587c1c5a000 r--s 00003000 fc:00 10776122                   /home/kasun/.m2/repository/com/google/errorprone/error_prone_annotations/2.10.0/error_prone_annotations-2.10.0.jar
7587c1c5a000-7587c1c6b000 r--s 000ce000 fc:00 10776123                   /home/kasun/.m2/repository/com/github/ben-manes/caffeine/caffeine/2.9.3/caffeine-2.9.3.jar
7587c1c6b000-7587c1c6d000 r--s 00004000 fc:00 12620239                   /home/kasun/.m2/repository/io/dropwizard/dropwizard-jackson/2.1.11/dropwizard-jackson-2.1.11.jar
7587c1c6d000-7587c1c6e000 r--s 00007000 fc:00 12620242                   /home/kasun/.m2/repository/io/dropwizard/dropwizard-util/2.1.11/dropwizard-util-2.1.11.jar
7587c1c6e000-7587c1c70000 r--s 0000c000 fc:00 12620222                   /home/kasun/.m2/repository/io/dropwizard/dropwizard-core/2.1.11/dropwizard-core-2.1.11.jar
7587c1c70000-7587c1c71000 r--s 00002000 fc:00 12982305                   /home/kasun/.m2/repository/jakarta/inject/jakarta.inject-api/2.0.1/jakarta.inject-api-2.0.1.jar
7587c1c71000-7587c1c75000 r--s 00011000 fc:00 10772227                   /home/kasun/.m2/repository/jakarta/servlet/jakarta.servlet-api/4.0.4/jakarta.servlet-api-4.0.4.jar
7587c1c75000-7587c1c7e000 r--s 00087000 fc:00 12321930                   /home/kasun/.m2/repository/org/eclipse/jetty/jetty-util/9.4.53.v20231009/jetty-util-9.4.53.v20231009.jar
7587c1c7e000-7587c1c80000 r--s 00005000 fc:00 12321946                   /home/kasun/.m2/repository/org/eclipse/jetty/jetty-continuation/9.4.53.v20231009/jetty-continuation-9.4.53.v20231009.jar
7587c1c80000-7587c1c83000 r--s 00018000 fc:00 12321942                   /home/kasun/.m2/repository/org/eclipse/jetty/jetty-servlets/9.4.53.v20231009/jetty-servlets-9.4.53.v20231009.jar
7587c1c83000-7587c1c8d000 r--s 000aa000 fc:00 12321923                   /home/kasun/.m2/repository/org/eclipse/jetty/jetty-server/9.4.53.v20231009/jetty-server-9.4.53.v20231009.jar
7587c1c8d000-7587c1c8f000 r--s 0001b000 fc:00 12321933                   /home/kasun/.m2/repository/org/eclipse/jetty/jetty-security/9.4.53.v20231009/jetty-security-9.4.53.v20231009.jar
7587c1c8f000-7587c1c93000 r--s 00029000 fc:00 12321921                   /home/kasun/.m2/repository/org/eclipse/jetty/jetty-io/9.4.53.v20231009/jetty-io-9.4.53.v20231009.jar
7587c1c93000-7587c1c97000 r--s 00039000 fc:00 12321928                   /home/kasun/.m2/repository/org/eclipse/jetty/jetty-http/9.4.53.v20231009/jetty-http-9.4.53.v20231009.jar
7587c1c97000-7587c1c9a000 r--s 00008000 fc:00 10773896                   /home/kasun/.m2/repository/org/kie/soup/kie-soup-project-datamodel-api/7.74.1.Final/kie-soup-project-datamodel-api-7.74.1.Final.jar
7587c1c9a000-7587c1c9c000 r--s 00004000 fc:00 10773894                   /home/kasun/.m2/repository/org/kie/soup/kie-soup-commons/7.74.1.Final/kie-soup-commons-7.74.1.Final.jar
7587c1c9c000-7587c1c9e000 r--s 00009000 fc:00 10773895                   /home/kasun/.m2/repository/org/kie/soup/kie-soup-project-datamodel-commons/7.74.1.Final/kie-soup-project-datamodel-commons-7.74.1.Final.jar
7587c1c9e000-7587c1caa000 r--s 000ba000 fc:00 10773893                   /home/kasun/.m2/repository/org/mvel/mvel2/2.4.15.Final/mvel2-2.4.15.Final.jar
7587c1caa000-7587c1cb1000 r--s 0006c000 fc:00 10773892                   /home/kasun/.m2/repository/org/drools/drools-mvel/7.74.1.Final/drools-mvel-7.74.1.Final.jar
7587c1cb1000-7587c1cb4000 r--s 00026000 fc:00 10773875                   /home/kasun/.m2/repository/org/antlr/antlr-runtime/3.5.2/antlr-runtime-3.5.2.jar
7587c1cb4000-7587c1cd2000 r--s 002b0000 fc:00 10773874                   /home/kasun/.m2/repository/org/drools/drools-ecj/7.74.1.Final/drools-ecj-7.74.1.Final.jar
7587c1cd2000-7587c1cd4000 r--s 00008000 fc:00 10773872                   /home/kasun/.m2/repository/org/kie/kie-memory-compiler/7.74.1.Final/kie-memory-compiler-7.74.1.Final.jar
7587c1cd4000-7587c1ce7000 r--s 00153000 fc:00 10773873                   /home/kasun/.m2/repository/org/drools/drools-compiler/7.74.1.Final/drools-compiler-7.74.1.Final.jar
7587c1ce7000-7587c1ce9000 r--s 00002000 fc:00 10773865                   /home/kasun/.m2/repository/org/drools/drools-core-dynamic/7.74.1.Final/drools-core-dynamic-7.74.1.Final.jar
7587c1ce9000-7587c1ceb000 r--s 00006000 fc:00 10773863                   /home/kasun/.m2/repository/org/drools/drools-core-reflective/7.74.1.Final/drools-core-reflective-7.74.1.Final.jar
7587c1ceb000-7587c1cec000 r--s 00003000 fc:00 10773862                   /home/kasun/.m2/repository/org/kie/soup/kie-soup-xstream/7.74.1.Final/kie-soup-xstream-7.74.1.Final.jar
7587c1cec000-7587c1cf7000 r--s 0003f000 fc:00 10773864                   /home/kasun/.m2/repository/org/kie/kie-internal/7.74.1.Final/kie-internal-7.74.1.Final.jar
7587c1cf7000-7587c1d21000 r--s 00243000 fc:00 10773856                   /home/kasun/.m2/repository/org/drools/drools-core/7.74.1.Final/drools-core-7.74.1.Final.jar
7587c1d21000-7587c1d23000 r--s 00003000 fc:00 10773852                   /home/kasun/.m2/repository/org/kie/soup/kie-soup-maven-support/7.74.1.Final/kie-soup-maven-support-7.74.1.Final.jar
7587c1d23000-7587c1d2e000 r--s 00039000 fc:00 10773854                   /home/kasun/.m2/repository/org/kie/kie-api/7.74.1.Final/kie-api-7.74.1.Final.jar
7587c1d2e000-7587c1d4c000 r--s 0018a000 fc:00 13503058                   /home/kasun/.m2/repository/org/freemarker/freemarker/2.3.32/freemarker-2.3.32.jar
7587c1d4c000-7587c1d55000 r--s 0009d000 fc:00 12583642                   /home/kasun/.m2/repository/com/sun/mail/jakarta.mail/1.6.7/jakarta.mail-1.6.7.jar
7587c1d55000-7587c1d57000 r--s 0000e000 fc:00 12583591                   /home/kasun/.m2/repository/org/apache/commons/commons-email/1.6.0/commons-email-1.6.0.jar
7587c1d57000-7587c1d5e000 r--s 0004b000 fc:00 11945062                   /home/kasun/.m2/repository/org/yaml/snakeyaml/2.2/snakeyaml-2.2.jar
7587c1d5e000-7587c1d60000 r--s 00008000 fc:00 12590798                   /home/kasun/.m2/repository/com/fasterxml/jackson/module/jackson-module-jaxb-annotations/2.16.2/jackson-module-jaxb-annotations-2.16.2.jar
7587c1d60000-7587c1d62000 r--s 00006000 fc:00 12593437                   /home/kasun/.m2/repository/com/fasterxml/jackson/jaxrs/jackson-jaxrs-base/2.16.2/jackson-jaxrs-base-2.16.2.jar
7587c1d62000-7587c1d64000 r--s 00003000 fc:00 12593396                   /home/kasun/.m2/repository/com/fasterxml/jackson/jaxrs/jackson-jaxrs-json-provider/2.16.2/jackson-jaxrs-json-provider-2.16.2.jar
7587c1d64000-7587c1d66000 r--s 0000c000 fc:00 12590955                   /home/kasun/.m2/repository/com/fasterxml/jackson/dataformat/jackson-dataformat-yaml/2.16.2/jackson-dataformat-yaml-2.16.2.jar
7587c1d66000-7587c1d68000 r--s 00017000 fc:00 12582914                   /home/kasun/.m2/repository/com/fasterxml/jackson/dataformat/jackson-dataformat-csv/2.16.2/jackson-dataformat-csv-2.16.2.jar
7587c1d68000-7587c1d6c000 r--s 0001c000 fc:00 12593357                   /home/kasun/.m2/repository/com/fasterxml/jackson/datatype/jackson-datatype-jsr310/2.16.2/jackson-datatype-jsr310-2.16.2.jar
7587c1d6c000-7587c1d6e000 r--s 00007000 fc:00 12593392                   /home/kasun/.m2/repository/com/fasterxml/jackson/datatype/jackson-datatype-jdk8/2.16.2/jackson-datatype-jdk8-2.16.2.jar
7587c1d6e000-7587c1d70000 r--s 00001000 fc:00 12593419                   /home/kasun/.m2/repository/com/fasterxml/jackson/module/jackson-module-parameter-names/2.16.2/jackson-module-parameter-names-2.16.2.jar
7587c1d70000-7587c1d74000 r--s 00032000 fc:00 12593417                   /home/kasun/.m2/repository/com/fasterxml/jackson/module/jackson-module-afterburner/2.16.2/jackson-module-afterburner-2.16.2.jar
7587c1d74000-7587c1d77000 r--s 00010000 fc:00 12593414                   /home/kasun/.m2/repository/com/fasterxml/jackson/datatype/jackson-datatype-joda/2.16.2/jackson-datatype-joda-2.16.2.jar
7587c1d77000-7587c1d7a000 r--s 00016000 fc:00 12593394                   /home/kasun/.m2/repository/com/fasterxml/jackson/datatype/jackson-datatype-guava/2.16.2/jackson-datatype-guava-2.16.2.jar
7587c1d7a000-7587c1d94000 r--s 00177000 fc:00 12590701                   /home/kasun/.m2/repository/com/fasterxml/jackson/core/jackson-databind/2.16.2/jackson-databind-2.16.2.jar
7587c1d94000-7587c1d9c000 r--s 00087000 fc:00 12590717                   /home/kasun/.m2/repository/com/fasterxml/jackson/core/jackson-core/2.16.2/jackson-core-2.16.2.jar
7587c1d9c000-7587c1da0000 r--s 00010000 fc:00 12590356                   /home/kasun/.m2/repository/com/fasterxml/jackson/core/jackson-annotations/2.16.2/jackson-annotations-2.16.2.jar
7587c1da0000-7587c1dad000 r--s 0006d000 fc:00 10773952                   /home/kasun/.m2/repository/de/schlichtherle/truezip/truezip-kernel/7.7.10/truezip-kernel-7.7.10.jar
7587c1dad000-7587c1daf000 r--s 0000f000 fc:00 10773949                   /home/kasun/.m2/repository/de/schlichtherle/truezip/truezip-file/7.7.10/truezip-file-7.7.10.jar
7587c1daf000-7587c1dc3000 r--s 000f4000 fc:00 12728612                   /home/kasun/.m2/repository/org/apache/commons/commons-compress/1.26.1/commons-compress-1.26.1.jar
7587c1dc3000-7587c1dc4000 r--s 00001000 fc:00 9996569                    /home/kasun/Projects/insight-brain/insight-brain-tenancy/target/insight-brain-tenancy-1.177.0-SNAPSHOT-tests.jar
7587c1dc4000-7587c1dc7000 r--s 00013000 fc:00 10772895                   /home/kasun/.m2/repository/com/beust/jcommander/1.82/jcommander-1.82.jar
7587c1dc7000-7587c1dc8000 r--s 00005000 fc:00 10772894                   /home/kasun/.m2/repository/org/jetbrains/kotlin/kotlin-stdlib-jdk7/1.6.20/kotlin-stdlib-jdk7-1.6.20.jar
7587c1dc8000-7587c1dca000 r--s 00003000 fc:00 10772893                   /home/kasun/.m2/repository/org/jetbrains/kotlin/kotlin-stdlib-jdk8/1.6.20/kotlin-stdlib-jdk8-1.6.20.jar
7587c1dca000-7587c1dcc000 r--s 00003000 fc:00 10772886                   /home/kasun/.m2/repository/org/jetbrains/annotations/13.0/annotations-13.0.jar
7587c1dcc000-7587c1dce000 r--s 0000b000 fc:00 11951098                   /home/kasun/.m2/repository/org/ow2/asm/asm-tree/8.0/asm-tree-8.0.jar
7587c1dce000-7587c1dd0000 r--s 00010000 fc:00 11951099                   /home/kasun/.m2/repository/org/ow2/asm/asm-commons/8.0/asm-commons-8.0.jar
7587c1dd0000-7587c1dd4000 r--s 0001a000 fc:00 11951095                   /home/kasun/.m2/repository/org/apache/maven/shared/maven-artifact-transfer/0.12.0/maven-artifact-transfer-0.12.0.jar
7587c1dd4000-7587c1de9000 r--s 0015c000 fc:00 10772884                   /home/kasun/.m2/repository/org/jetbrains/kotlin/kotlin-stdlib/1.6.20/kotlin-stdlib-1.6.20.jar
7587c1de9000-7587c1dec000 r--s 00055000 fc:00 10772885                   /home/kasun/.m2/repository/com/squareup/okio/okio-jvm/3.4.0/okio-jvm-3.4.0.jar
7587c1dec000-7587c1dee000 r--s 0001c000 fc:00 11951100                   /home/kasun/.m2/repository/org/ow2/asm/asm/8.0/asm-8.0.jar
7587c1dee000-7587c1df7000 r--s 000b8000 fc:00 10772876                   /home/kasun/.m2/repository/com/squareup/okhttp3/okhttp/4.11.0/okhttp-4.11.0.jar
7587c1df7000-7587c1df9000 r--s 00003000 fc:00 10772875                   /home/kasun/.m2/repository/com/auth0/jwks-rsa/0.22.0/jwks-rsa-0.22.0.jar
7587c1df9000-7587c1dfb000 r--s 0000e000 fc:00 10772874                   /home/kasun/.m2/repository/com/auth0/java-jwt/4.4.0/java-jwt-4.4.0.jar
7587c1dfb000-7587c1dfe000 r--s 00015000 fc:00 10772877                   /home/kasun/.m2/repository/net/jodah/failsafe/2.4.1/failsafe-2.4.1.jar
7587c1dfe000-7587c1dff000 r--s 00003000 fc:00 10772873                   /home/kasun/.m2/repository/com/squareup/okhttp3/logging-interceptor/4.10.0/logging-interceptor-4.10.0.jar
7587c1dff000-7587c1e09000 r--s 0004b000 fc:00 10772871                   /home/kasun/.m2/repository/com/auth0/auth0/1.44.1/auth0-1.44.1.jar
7587c1e09000-7587c1e0b000 r--s 0000a000 fc:00 9996565                    /home/kasun/Projects/insight-brain/insight-brain-tenancy/target/insight-brain-tenancy-1.177.0-SNAPSHOT.jar
7587c1e0b000-7587c1e0d000 r--s 0000d000 fc:00 10776085                   /home/kasun/.m2/repository/org/objenesis/objenesis/3.0.1/objenesis-3.0.1.jar
7587c1e0d000-7587c1e14000 r--s 0004c000 fc:00 10773990                   /home/kasun/.m2/repository/org/antlr/antlr4-runtime/4.9.3/antlr4-runtime-4.9.3.jar
7587c1e14000-7587c1e18000 r--s 00025000 fc:00 11156774                   /home/kasun/.m2/repository/com/googlecode/javaewah/JavaEWAH/1.1.13/JavaEWAH-1.1.13.jar
7587c1e18000-7587c1e3f000 r--s 00291000 fc:00 13534494                   /home/kasun/.m2/repository/org/eclipse/jgit/org.eclipse.jgit/5.13.3.202401111512-r/org.eclipse.jgit-5.13.3.202401111512-r.jar
7587c1e3f000-7587c1e44000 r--s 00028000 fc:00 12591816                   /home/kasun/.m2/repository/com/sonatype/nexus/iq/nexus-dependency-management/1.23.12-01/nexus-dependency-management-1.23.12-01.jar
7587c1e44000-7587c1e47000 r--s 00008000 fc:00 13107773                   /home/kasun/.m2/repository/com/sonatype/insight/portal/insight-vulnerability-model/2.54.17/insight-vulnerability-model-2.54.17.jar
7587c1e47000-7587c1e4c000 r--s 0001d000 fc:00 10773921                   /home/kasun/.m2/repository/org/eclipse/aether/aether-api/1.1.0/aether-api-1.1.0.jar
7587c1e4c000-7587c1e50000 r--s 00021000 fc:00 10773920                   /home/kasun/.m2/repository/org/eclipse/aether/aether-util/1.1.0/aether-util-1.1.0.jar
7587c1e50000-7587c1e52000 r--s 00007000 fc:00 10773925                   /home/kasun/.m2/repository/com/sonatype/data/data-ecosystem-versions/1.15/data-ecosystem-versions-1.15.jar
7587c1e52000-7587c1e54000 r--s 00008000 fc:00 13107755                   /home/kasun/.m2/repository/com/sonatype/insight/portal/insight-common-model/2.54.17/insight-common-model-2.54.17.jar
7587c1e54000-7587c1e56000 r--s 00002000 fc:00 13107781                   /home/kasun/.m2/repository/com/sonatype/insight/portal/insight-telemetry-model/2.54.17/insight-telemetry-model-2.54.17.jar
7587c1e56000-7587c1e58000 r--s 00002000 fc:00 13107777                   /home/kasun/.m2/repository/com/sonatype/insight/portal/insight-jaxrs-utils/2.54.17/insight-jaxrs-utils-2.54.17.jar
7587c1e58000-7587c1e5a000 r--s 00001000 fc:00 9996603                    /home/kasun/.m2/repository/com/sonatype/insight/portal/insight-error-handling/2.54.17/insight-error-handling-2.54.17.jar
7587c1e5a000-7587c1e5c000 r--s 00008000 fc:00 10773999                   /home/kasun/.m2/repository/org/semver4j/semver4j/4.2.1/semver4j-4.2.1.jar
7587c1e5c000-7587c1e5d000 r--s 00004000 fc:00 12598762                   /home/kasun/.m2/repository/com/neuvector/scanner/1.11/scanner-1.11.jar
7587c1e5d000-7587c1e60000 r--s 00024000 fc:00 10773989                   /home/kasun/.m2/repository/org/tomlj/tomlj/1.0.0/tomlj-1.0.0.jar
7587c1e60000-7587c1e64000 r--s 00032000 fc:00 12728617                   /home/kasun/.m2/repository/org/apache/maven/maven-model/3.9.6/maven-model-3.9.6.jar
7587c1e64000-7587c1e65000 r--s 00003000 fc:00 10773931                   /home/kasun/.m2/repository/com/github/package-url/packageurl-java/1.4.1/packageurl-java-1.4.1.jar
7587c1e65000-7587c1e67000 r--s 00006000 fc:00 10776078                   /home/kasun/.m2/repository/com/ethlo/time/itu/1.7.0/itu-1.7.0.jar
7587c1e67000-7587c1e6e000 r--s 00055000 fc:00 11818226                   /home/kasun/.m2/repository/com/networknt/json-schema-validator/1.0.87/json-schema-validator-1.0.87.jar
7587c1e6e000-7587c1e7d000 r--s 001da000 fc:00 11818185                   /home/kasun/.m2/repository/org/cyclonedx/cyclonedx-core-java/8.0.3/cyclonedx-core-java-8.0.3.jar
7587c1e7d000-7587c1e7f000 r--s 0000b000 fc:00 10773969                   /home/kasun/.m2/repository/org/ow2/asm/asm-tree/9.4/asm-tree-9.4.jar
7587c1e7f000-7587c1e80000 r--s 0001d000 fc:00 10773966                   /home/kasun/.m2/repository/org/ow2/asm/asm/9.4/asm-9.4.jar
7587c1e80000-7587c1e84000 r--s 0004d000 fc:00 10773967                   /home/kasun/.m2/repository/com/sonatype/insight/scan/insight-scanner-hashing-asm71/1.20.0-01/insight-scanner-hashing-asm71-1.20.0-01.jar
7587c1e84000-7587c1e88000 r--s 00043000 fc:00 10773963                   /home/kasun/.m2/repository/com/sonatype/insight/scan/insight-scanner-hashing-asm60/1.20.0-01/insight-scanner-hashing-asm60-1.20.0-01.jar
7587c1e88000-7587c1e8c000 r--s 00018000 fc:00 10773961                   /home/kasun/.m2/repository/com/sonatype/insight/scan/insight-scanner-hashing/1.20.0-01/insight-scanner-hashing-1.20.0-01.jar
7587c1e8c000-7587c1f03000 r--s 00736000 fc:00 12595548                   /home/kasun/.m2/repository/org/codehaus/groovy/groovy/3.0.20/groovy-3.0.20.jar
7587c1f03000-7587c1f05000 r--s 00005000 fc:00 12591580                   /home/kasun/.m2/repository/com/sonatype/insight/scan/insight-scanner-tools/2.36.90-01/insight-scanner-tools-2.36.90-01.jar
7587c1f05000-7587c1f07000 r--s 0000c000 fc:00 12595217                   /home/kasun/.m2/repository/com/sonatype/insight/scan/insight-scanner-manifest-model/2.36.90-01/insight-scanner-manifest-model-2.36.90-01.jar
7587c1f07000-7587c1f0b000 r--s 00028000 fc:00 12591596                   /home/kasun/.m2/repository/com/sonatype/insight/scan/insight-scanner-archive/2.36.90-01/insight-scanner-archive-2.36.90-01.jar
7587c1f0b000-7587c1f0c000 r--s 00007000 fc:00 12592266                   /home/kasun/.m2/repository/com/sonatype/insight/scan/insight-client-utils/2.36.90-01/insight-client-utils-2.36.90-01.jar
7587c1f0c000-7587c1f0d000 r--s 00002000 fc:00 12597676                   /home/kasun/.m2/repository/com/sonatype/insight/scan/insight-scanner-core/2.36.90-01/insight-scanner-core-2.36.90-01.jar
7587c1f0d000-7587c1f0f000 r--s 00005000 fc:00 10767508                   /home/kasun/.m2/repository/xpp3/xpp3_min/1.1.4c/xpp3_min-1.1.4c.jar
7587c1f0f000-7587c1f1e000 r--s 0008f000 fc:00 10773876                   /home/kasun/.m2/repository/com/thoughtworks/xstream/xstream/1.4.20/xstream-1.4.20.jar
7587c1f1e000-7587c1f1f000 r--s 00003000 fc:00 13108633                   /home/kasun/.m2/repository/com/sonatype/insight/scan/insight-scanner-model-io/2.36.90-01/insight-scanner-model-io-2.36.90-01.jar
7587c1f1f000-7587c1f20000 r--s 00004000 fc:00 12592268                   /home/kasun/.m2/repository/com/sonatype/insight/scan/insight-scanner-model/2.36.90-01/insight-scanner-model-2.36.90-01.jar
7587c1f20000-7587c1f24000 r--s 00015000 fc:00 10773959                   /home/kasun/.m2/repository/org/tukaani/xz/1.5/xz-1.5.jar
7587c1f24000-7587c1f26000 r--s 00007000 fc:00 10773956                   /home/kasun/.m2/repository/de/schlichtherle/truezip/truezip-driver-tar/7.7.10/truezip-driver-tar-7.7.10.jar
7587c1f26000-7587c1f28000 r--s 0000a000 fc:00 10773951                   /home/kasun/.m2/repository/de/schlichtherle/truezip/truezip-driver-file/7.7.10/truezip-driver-file-7.7.10.jar
7587c1f28000-7587c1f2f000 r--s 00037000 fc:00 10773953                   /home/kasun/.m2/repository/de/schlichtherle/truezip/truezip-driver-zip/7.7.10/truezip-driver-zip-7.7.10.jar
7587c1f2f000-7587c1f31000 r--s 00005000 fc:00 13108628                   /home/kasun/.m2/repository/com/sonatype/insight/scan/insight-archive-utils/2.36.90-01/insight-archive-utils-2.36.90-01.jar
7587c1f31000-7587c1f34000 r--s 00025000 fc:00 10793912                   /home/kasun/.m2/repository/org/apache/maven/shared/maven-shared-utils/3.1.0/maven-shared-utils-3.1.0.jar
7587c1f34000-7587c1f37000 r--s 0001e000 fc:00 11146519                   /home/kasun/.m2/repository/org/apache/maven/plugins/maven-shade-plugin/3.2.4/maven-shade-plugin-3.2.4.jar
7587c1f37000-7587c1f3c000 r--s 00012000 fc:00 10774098                   /home/kasun/.m2/repository/jakarta/validation/jakarta.validation-api/2.0.2/jakarta.validation-api-2.0.2.jar
7587c1f3c000-7587c1f3e000 r--s 00001000 fc:00 9996631                    /home/kasun/Projects/insight-brain/insight-brain-event/target/insight-brain-event-1.177.0-SNAPSHOT.jar
7587c1f3e000-7587c1f3f000 r--s 00001000 fc:00 13380894                   /home/kasun/.m2/build-cache/v1.1/com.sonatype.insight.brain/insight-brain-common/da51cc6daaf368b9/local/insight-brain-common-tests.jar
7587c1f3f000-7587c1f40000 r--s 00001000 fc:00 13380873                   /home/kasun/.m2/build-cache/v1.1/com.sonatype.insight.brain/insight-brain-common/da51cc6daaf368b9/local/insight-brain-common.jar
7587c1f40000-7587c1f42000 r--s 00002000 fc:00 13380895                   /home/kasun/.m2/build-cache/v1.1/com.sonatype.insight.brain/insight-json-store/438fae9ff0f2318d/local/insight-json-store.jar
7587c1f42000-7587c1f43000 r--s 00002000 fc:00 9996806                    /home/kasun/Projects/insight-brain/insight-brain-policy/target/insight-brain-policy-1.177.0-SNAPSHOT-tests.jar
7587c1f43000-7587c1f45000 r--s 00003000 fc:00 9996803                    /home/kasun/Projects/insight-brain/insight-brain-policy/target/insight-brain-policy-1.177.0-SNAPSHOT.jar
7587c1f45000-7587c1fad000 r--s 00505000 fc:00 12591830                   /home/kasun/.m2/repository/io/micrometer/micrometer-registry-statsd/1.12.5/micrometer-registry-statsd-1.12.5.jar
7587c1fad000-7587c1faf000 r--s 00006000 fc:00 11961382                   /home/kasun/.m2/repository/org/latencyutils/LatencyUtils/2.0.3/LatencyUtils-2.0.3.jar
7587c1faf000-7587c1fb3000 r--s 00027000 fc:00 11961364                   /home/kasun/.m2/repository/org/hdrhistogram/HdrHistogram/2.1.12/HdrHistogram-2.1.12.jar
7587c1fb3000-7587c1fb6000 r--s 0000f000 fc:00 13393864                   /home/kasun/.m2/repository/io/micrometer/micrometer-observation/1.12.5/micrometer-observation-1.12.5.jar
7587c1fb6000-7587c1fb8000 r--s 0000a000 fc:00 13393866                   /home/kasun/.m2/repository/io/micrometer/micrometer-commons/1.12.5/micrometer-commons-1.12.5.jar
7587c1fb8000-7587c1fca000 r--s 000c6000 fc:00 12591852                   /home/kasun/.m2/repository/io/micrometer/micrometer-core/1.12.5/micrometer-core-1.12.5.jar
7587c1fca000-7587c1fce000 r--s 001c7000 fc:00 12721845                   /home/kasun/.m2/repository/net/java/dev/jna/jna/5.13.0/jna-5.13.0.jar
7587c1fce000-7587c1fd0000 r--s 00008000 fc:00 12588749                   /home/kasun/.m2/repository/com/github/docker-java/docker-java-transport/3.3.6/docker-java-transport-3.3.6.jar
7587c1fd0000-7587c2007000 r--s 001f6000 fc:00 12588737                   /home/kasun/.m2/repository/com/github/docker-java/docker-java-transport-zerodep/3.3.6/docker-java-transport-zerodep-3.3.6.jar
7587c2007000-7587c2012000 r--s 00069000 fc:00 12588741                   /home/kasun/.m2/repository/com/github/docker-java/docker-java-api/3.3.6/docker-java-api-3.3.6.jar
7587c2012000-7587c2014000 r--s 00005000 fc:00 10772499                   /home/kasun/.m2/repository/org/rnorth/duct-tape/duct-tape/1.0.8/duct-tape-1.0.8.jar
7587c2014000-7587c219a000 r--s 00f6a000 fc:00 12588748                   /home/kasun/.m2/repository/org/testcontainers/testcontainers/1.19.7/testcontainers-1.19.7.jar
7587c219a000-7587c219b000 r--s 00003000 fc:00 12588750                   /home/kasun/.m2/repository/org/testcontainers/database-commons/1.19.7/database-commons-1.19.7.jar
7587c219b000-7587c219d000 r--s 00006000 fc:00 12588738                   /home/kasun/.m2/repository/org/testcontainers/jdbc/1.19.7/jdbc-1.19.7.jar
7587c219d000-7587c219e000 r--s 00002000 fc:00 12588754                   /home/kasun/.m2/repository/org/testcontainers/postgresql/1.19.7/postgresql-1.19.7.jar
7587c219e000-7587c21aa000 r--s 0002d000 fc:00 13123659                   /home/kasun/.m2/repository/org/checkerframework/checker-qual/3.42.0/checker-qual-3.42.0.jar
7587c21aa000-7587c21b7000 r--s 000fd000 fc:00 13768477                   /home/kasun/.m2/repository/org/postgresql/postgresql/42.7.3/postgresql-42.7.3.jar
7587c21b7000-7587c21b9000 r--s 00003000 fc:00 12597333                   /home/kasun/.m2/repository/org/slf4j/jcl-over-slf4j/2.0.13/jcl-over-slf4j-2.0.13.jar
7587c21b9000-7587c21bb000 r--s 00008000 fc:00 9735794                    /home/kasun/Projects/insight-brain/insight-brain-db/target/insight-brain-db-1.177.0-SNAPSHOT-tests.jar
7587c21bb000-7587c21bd000 r--s 0001b000 fc:00 9996797                    /home/kasun/Projects/insight-brain/insight-brain-data/target/insight-brain-data-1.177.0-SNAPSHOT-tests.jar
7587c21bd000-7587c21cf000 r--s 0009b000 fc:00 13393891                   /home/kasun/.m2/repository/org/bouncycastle/bcutil-jdk18on/1.78/bcutil-jdk18on-1.78.jar
7587c21cf000-7587c21e8000 r--s 000fa000 fc:00 13393886                   /home/kasun/.m2/repository/org/bouncycastle/bcpkix-jdk18on/1.78/bcpkix-jdk18on-1.78.jar
7587c21e8000-7587c21eb000 r--s 00022000 fc:00 12603760                   /home/kasun/.m2/repository/org/apache/commons/commons-pool2/2.12.0/commons-pool2-2.12.0.jar
7587c21eb000-7587c21ef000 r--s 00032000 fc:00 13514140                   /home/kasun/.m2/repository/org/apache/commons/commons-dbcp2/2.12.0/commons-dbcp2-2.12.0.jar
7587c21ef000-7587c21f8000 r--s 00049000 fc:00 12751818                   /home/kasun/.m2/repository/org/springframework/spring-tx/5.3.33/spring-tx-5.3.33.jar
7587c21f8000-7587c2213000 r--s 00151000 fc:00 12718040                   /home/kasun/.m2/repository/org/springframework/spring-core/5.3.33/spring-core-5.3.33.jar
7587c2213000-7587c2220000 r--s 000a0000 fc:00 12718045                   /home/kasun/.m2/repository/org/springframework/spring-beans/5.3.33/spring-beans-5.3.33.jar
7587c2220000-7587c2229000 r--s 00060000 fc:00 12754561                   /home/kasun/.m2/repository/org/springframework/spring-jdbc/5.3.33/spring-jdbc-5.3.33.jar
7587c2229000-7587c222a000 r--s 00006000 fc:00 9734284                    /home/kasun/.m2/repository/com/sonatype/insight/portal/insight-db-common/2.54.17/insight-db-common-2.54.17.jar
7587c222a000-7587c2239000 r--s 001ae000 fc:00 10772690                   /home/kasun/.m2/repository/com/h2database/h2/1.4.196/h2-1.4.196.jar
7587c2239000-7587c2243000 r--s 00050000 fc:00 9735792                    /home/kasun/Projects/insight-brain/insight-brain-db/target/insight-brain-db-1.177.0-SNAPSHOT.jar
7587c2243000-7587c2257000 r--s 0013f000 fc:00 9996795                    /home/kasun/Projects/insight-brain/insight-brain-data/target/insight-brain-data-1.177.0-SNAPSHOT.jar
7587c2257000-7587c225b000 r--s 00022000 fc:00 10774258                   /home/kasun/.m2/repository/org/apache/lucene/lucene-backward-codecs/8.11.2/lucene-backward-codecs-8.11.2.jar
7587c225b000-7587c2260000 r--s 00039000 fc:00 10774256                   /home/kasun/.m2/repository/org/apache/lucene/lucene-suggest/8.11.2/lucene-suggest-8.11.2.jar
7587c2260000-7587c2274000 r--s 001a0000 fc:00 10774254                   /home/kasun/.m2/repository/org/apache/lucene/lucene-analyzers-common/8.11.2/lucene-analyzers-common-8.11.2.jar
7587c2274000-7587c2278000 r--s 00038000 fc:00 10774252                   /home/kasun/.m2/repository/org/apache/lucene/lucene-sandbox/8.11.2/lucene-sandbox-8.11.2.jar
7587c2278000-7587c2282000 r--s 00054000 fc:00 10774246                   /home/kasun/.m2/repository/org/apache/lucene/lucene-queries/8.11.2/lucene-queries-8.11.2.jar
7587c2282000-7587c228b000 r--s 00055000 fc:00 10774248                   /home/kasun/.m2/repository/org/apache/lucene/lucene-queryparser/8.11.2/lucene-queryparser-8.11.2.jar
7587c228b000-7587c22c3000 r--s 0033a000 fc:00 10774247                   /home/kasun/.m2/repository/org/apache/lucene/lucene-core/8.11.2/lucene-core-8.11.2.jar
7587c22c3000-7587c22c5000 r--s 0000c000 fc:00 10776064                   /home/kasun/.m2/repository/org/apache/commons/commons-csv/1.10.0/commons-csv-1.10.0.jar
7587c22c5000-7587c22d2000 r--s 00094000 fc:00 12620211                   /home/kasun/.m2/repository/org/apache/commons/commons-lang3/3.14.0/commons-lang3-3.14.0.jar
7587c22d2000-7587c22d8000 r--s 00037000 fc:00 13123364                   /home/kasun/.m2/repository/org/apache/commons/commons-text/1.11.0/commons-text-1.11.0.jar
7587c22d8000-7587c22e8000 r--s 000a8000 fc:00 10774249                   /home/kasun/.m2/repository/org/apache/commons/commons-collections4/4.4/commons-collections4-4.4.jar
7587c22e8000-7587c22f0000 r--s 00052000 fc:00 13763154                   /home/kasun/.m2/repository/commons-codec/commons-codec/1.16.1/commons-codec-1.16.1.jar
7587c22f0000-7587c22f5000 r--s 0006a000 fc:00 10776058                   /home/kasun/.m2/repository/org/apache/servicemix/bundles/org.apache.servicemix.bundles.antlr/2.7.7_5/org.apache.servicemix.bundles.antlr-2.7.7_5.jar
7587c22f5000-7587c22f6000 r--s 0000a000 fc:00 10776054                   /home/kasun/.m2/repository/org/apache/directory/api/api-i18n/1.0.0/api-i18n-1.0.0.jar
7587c22f6000-7587c22f8000 r--s 00009000 fc:00 10776056                   /home/kasun/.m2/repository/org/apache/directory/api/api-asn1-ber/1.0.0/api-asn1-ber-1.0.0.jar
7587c22f8000-7587c22f9000 r--s 00004000 fc:00 10776055                   /home/kasun/.m2/repository/org/apache/directory/api/api-asn1-api/1.0.0/api-asn1-api-1.0.0.jar
7587c22f9000-7587c22fb000 r--s 00013000 fc:00 10776052                   /home/kasun/.m2/repository/org/apache/directory/api/api-util/1.0.0/api-util-1.0.0.jar
7587c22fb000-7587c2312000 r--s 000ed000 fc:00 10776057                   /home/kasun/.m2/repository/org/apache/directory/api/api-ldap-model/1.0.0/api-ldap-model-1.0.0.jar
7587c2312000-7587c2313000 r--s 00000000 fc:00 10767552                   /home/kasun/.m2/repository/javax/inject/javax.inject/1/javax.inject-1.jar
7587c2313000-7587c231b000 r--s 00060000 fc:00 11960684                   /home/kasun/.m2/repository/org/eclipse/sisu/org.eclipse.sisu.inject/0.9.0.M2/org.eclipse.sisu.inject-0.9.0.M2.jar
7587c231b000-7587c2328000 r--s 000b8000 fc:00 13252591                   /home/kasun/.m2/repository/com/google/inject/guice/6.0.0/guice-6.0.0.jar
7587c2328000-7587c2335000 r--s 00081000 fc:00 12722616                   /home/kasun/.m2/repository/ch/qos/logback/logback-core/1.3.14/logback-core-1.3.14.jar
7587c2335000-7587c233b000 r--s 0003e000 fc:00 12722618                   /home/kasun/.m2/repository/ch/qos/logback/logback-classic/1.3.14/logback-classic-1.3.14.jar
7587c233b000-7587c233d000 r--s 0000f000 fc:00 12597230                   /home/kasun/.m2/repository/org/slf4j/slf4j-api/2.0.13/slf4j-api-2.0.13.jar
7587c233d000-7587c23d6000 r--s 00758000 fc:00 13393856                   /home/kasun/.m2/repository/org/bouncycastle/bcprov-jdk18on/1.78/bcprov-jdk18on-1.78.jar
7587c23d6000-7587c23da000 r--s 0003a000 fc:00 10793907                   /home/kasun/.m2/repository/org/codehaus/plexus/plexus-utils/3.0.17/plexus-utils-3.0.17.jar
7587c23da000-7587c23dc000 r--s 00000000 fc:00 11950974                   /home/kasun/.m2/repository/org/slf4j/slf4j-nop/1.6.4/slf4j-nop-1.6.4.jar
7587c23dc000-7587c23e3000 r--s 00056000 fc:00 11146525                   /home/kasun/.m2/repository/org/eclipse/sisu/org.eclipse.sisu.inject/0.3.4/org.eclipse.sisu.inject-0.3.4.jar
7587c23e3000-7587c23e4000 r--s 00004000 fc:00 11146512                   /home/kasun/.m2/repository/org/eclipse/sisu/sisu-maven-plugin/0.3.4/sisu-maven-plugin-0.3.4.jar
7587c23e4000-7587c23ea000 r--s 002f9000 fc:00 8786314                    /home/kasun/.sdkman/candidates/java/8.0.382-amzn/jre/lib/charsets.jar
7587c23ea000-7587c23ed000 ---p 00000000 00:00 0 
7587c23ed000-7587c26ea000 rw-p 00000000 00:00 0 
7587c26ea000-7587c26eb000 ---p 00000000 00:00 0 
7587c26eb000-7587c2eeb000 rw-p 00000000 00:00 0 
7587c2eeb000-7587c2eec000 ---p 00000000 00:00 0 
7587c2eec000-7587c36ec000 rw-p 00000000 00:00 0 
7587c36ec000-7587c3709000 r--p 00000000 fc:00 11141521                   /usr/lib/x86_64-linux-gnu/libglib-2.0.so.0.7200.4
7587c3709000-7587c3798000 r-xp 0001d000 fc:00 11141521                   /usr/lib/x86_64-linux-gnu/libglib-2.0.so.0.7200.4
7587c3798000-7587c3822000 r--p 000ac000 fc:00 11141521                   /usr/lib/x86_64-linux-gnu/libglib-2.0.so.0.7200.4
7587c3822000-7587c3823000 ---p 00136000 fc:00 11141521                   /usr/lib/x86_64-linux-gnu/libglib-2.0.so.0.7200.4
7587c3823000-7587c3824000 r--p 00136000 fc:00 11141521                   /usr/lib/x86_64-linux-gnu/libglib-2.0.so.0.7200.4
7587c3824000-7587c3825000 rw-p 00137000 fc:00 11141521                   /usr/lib/x86_64-linux-gnu/libglib-2.0.so.0.7200.4
7587c3825000-7587c3826000 rw-p 00000000 00:00 0 
7587c3826000-7587c385e000 r--p 00000000 fc:00 11141516                   /usr/lib/x86_64-linux-gnu/libgio-2.0.so.0.7200.4
7587c385e000-7587c396f000 r-xp 00038000 fc:00 11141516                   /usr/lib/x86_64-linux-gnu/libgio-2.0.so.0.7200.4
7587c396f000-7587c39f5000 r--p 00149000 fc:00 11141516                   /usr/lib/x86_64-linux-gnu/libgio-2.0.so.0.7200.4
7587c39f5000-7587c39fd000 r--p 001ce000 fc:00 11141516                   /usr/lib/x86_64-linux-gnu/libgio-2.0.so.0.7200.4
7587c39fd000-7587c39fe000 rw-p 001d6000 fc:00 11141516                   /usr/lib/x86_64-linux-gnu/libgio-2.0.so.0.7200.4
7587c39fe000-7587c3a00000 rw-p 00000000 00:00 0 
7587c3a00000-7587c3a03000 ---p 00000000 00:00 0 
7587c3a03000-7587c3b00000 rw-p 00000000 00:00 0 
7587c3b00000-7587c3b03000 ---p 00000000 00:00 0 
7587c3b03000-7587c3c00000 rw-p 00000000 00:00 0 
7587c3c00000-7587c3c03000 ---p 00000000 00:00 0 
7587c3c03000-7587c3d00000 rw-p 00000000 00:00 0 
7587c3d00000-7587c3d03000 ---p 00000000 00:00 0 
7587c3d03000-7587c4000000 rw-p 00000000 00:00 0 
7587c4000000-7587c4021000 rw-p 00000000 00:00 0 
7587c4021000-7587c8000000 ---p 00000000 00:00 0 
7587c8000000-7587c8021000 rw-p 00000000 00:00 0 
7587c8021000-7587cc000000 ---p 00000000 00:00 0 
7587cc000000-7587cc021000 rw-p 00000000 00:00 0 
7587cc021000-7587d0000000 ---p 00000000 00:00 0 
7587d0000000-7587d0200000 rw-p 00000000 00:00 0 
7587d0200000-7587d0203000 r-xp 00000000 fc:00 22413349                   /tmp/jansi-2.4.0-970777ad56c353b0-libjansi.so
7587d0203000-7587d0402000 ---p 00003000 fc:00 22413349                   /tmp/jansi-2.4.0-970777ad56c353b0-libjansi.so
7587d0402000-7587d0403000 rw-p 00002000 fc:00 22413349                   /tmp/jansi-2.4.0-970777ad56c353b0-libjansi.so
7587d0403000-7587d0405000 r--s 0000f000 fc:00 10778208                   /home/kasun/.m2/repository/com/beust/jcommander/1.72/jcommander-1.72.jar
7587d0405000-7587d0406000 r--s 00000000 fc:00 10778196                   /home/kasun/.m2/repository/com/sonatype/pmd-ruleset/15/pmd-ruleset-15.jar
7587d0406000-7587d0408000 r--s 0001b000 fc:00 10770527                   /home/kasun/.m2/repository/org/apache/maven/plugins/maven-pmd-plugin/3.13.0/maven-pmd-plugin-3.13.0.jar
7587d0408000-7587d0416000 r--s 0007f000 fc:00 10777950                   /home/kasun/.m2/repository/commons-collections/commons-collections/3.2.1/commons-collections-3.2.1.jar
7587d0416000-7587d0418000 r--s 0000e000 fc:00 10777949                   /home/kasun/.m2/repository/oro/oro/2.0.8/oro-2.0.8.jar
7587d0418000-7587d041c000 r--s 0002f000 fc:00 10777945                   /home/kasun/.m2/repository/commons-lang/commons-lang/2.1/commons-lang-2.1.jar
7587d041c000-7587d0424000 r--s 00058000 fc:00 10777942                   /home/kasun/.m2/repository/org/apache/velocity/velocity/1.5/velocity-1.5.jar
7587d0424000-7587d045b000 r--s 00504000 fc:00 10777944                   /home/kasun/.m2/repository/net/sf/saxon/Saxon-HE/9.9.1-2/Saxon-HE-9.9.1-2.jar
7587d045b000-7587d045c000 r--s 00000000 fc:00 10777937                   /home/kasun/.m2/repository/org/codehaus/mojo/animal-sniffer-annotations/1.17/animal-sniffer-annotations-1.17.jar
7587d045c000-7587d045e000 r--s 00001000 fc:00 10777936                   /home/kasun/.m2/repository/com/google/j2objc/j2objc-annotations/1.1/j2objc-annotations-1.1.jar
7587d045e000-7587d0460000 r--s 00002000 fc:00 10777935                   /home/kasun/.m2/repository/com/google/errorprone/error_prone_annotations/2.2.0/error_prone_annotations-2.2.0.jar
7587d0460000-7587d046a000 r--s 00026000 fc:00 10777934                   /home/kasun/.m2/repository/org/checkerframework/checker-qual/2.5.2/checker-qual-2.5.2.jar
7587d046a000-7587d046b000 r--s 00000000 fc:00 10772698                   /home/kasun/.m2/repository/com/google/guava/listenablefuture/9999.0-empty-to-avoid-conflict-with-guava/listenablefuture-9999.0-empty-to-avoid-conflict-with-guava.jar
7587d046b000-7587d046d000 r--s 00000000 fc:00 10772697                   /home/kasun/.m2/repository/com/google/guava/failureaccess/1.0.1/failureaccess-1.0.1.jar
7587d046d000-7587d049f000 r--s 0026d000 fc:00 10777933                   /home/kasun/.m2/repository/com/google/guava/guava/27.1-jre/guava-27.1-jre.jar
7587d049f000-7587d04a4000 r--s 00038000 fc:00 10777928                   /home/kasun/.m2/repository/commons-beanutils/commons-beanutils/1.9.3/commons-beanutils-1.9.3.jar
7587d04a4000-7587d04aa000 r--s 0004d000 fc:00 10777926                   /home/kasun/.m2/repository/org/antlr/antlr4-runtime/4.7.2/antlr4-runtime-4.7.2.jar
7587d04aa000-7587d04af000 r--s 00068000 fc:00 10777925                   /home/kasun/.m2/repository/antlr/antlr/2.7.7/antlr-2.7.7.jar
7587d04af000-7587d04b4000 r--s 0003c000 fc:00 10777922                   /home/kasun/.m2/repository/info/picocli/picocli/3.9.5/picocli-3.9.5.jar
7587d04b4000-7587d04ca000 r--s 0012c000 fc:00 10777923                   /home/kasun/.m2/repository/com/puppycrawl/tools/checkstyle/8.19/checkstyle-8.19.jar
7587d04ca000-7587d04cb000 r--s 00001000 fc:00 10777919                   /home/kasun/.m2/repository/org/codehaus/plexus/plexus-velocity/1.1.8/plexus-velocity-1.1.8.jar
7587d04cb000-7587d04ce000 r--s 00011000 fc:00 10777916                   /home/kasun/.m2/repository/org/codehaus/plexus/plexus-interpolation/1.24/plexus-interpolation-1.24.jar
7587d04ce000-7587d04d0000 r--s 00004000 fc:00 10777913                   /home/kasun/.m2/repository/org/codehaus/plexus/plexus-resources/1.1.0/plexus-resources-1.1.0.jar
7587d04d0000-7587d04d3000 r--s 0001b000 fc:00 10777912                   /home/kasun/.m2/repository/junit/junit/3.8.1/junit-3.8.1.jar
7587d04d3000-7587d04d6000 r--s 00018000 fc:00 10777907                   /home/kasun/.m2/repository/commons-io/commons-io/1.4/commons-io-1.4.jar
7587d04d6000-7587d04d7000 r--s 0000a000 fc:00 10777903                   /home/kasun/.m2/repository/org/apache/maven/doxia/doxia-integration-tools/1.6/doxia-integration-tools-1.6.jar
7587d04d7000-7587d04da000 r--s 0001b000 fc:00 10777902                   /home/kasun/.m2/repository/org/apache/struts/struts-tiles/1.3.8/struts-tiles-1.3.8.jar
7587d04da000-7587d04df000 r--s 00039000 fc:00 10777899                   /home/kasun/.m2/repository/org/apache/struts/struts-taglib/1.3.8/struts-taglib-1.3.8.jar
7587d04df000-7587d04e5000 r--s 0004b000 fc:00 10777896                   /home/kasun/.m2/repository/org/apache/struts/struts-core/1.3.8/struts-core-1.3.8.jar
7587d04e5000-7587d04e7000 r--s 00005000 fc:00 10777894                   /home/kasun/.m2/repository/sslext/sslext/1.2-0/sslext-1.2-0.jar
7587d04e7000-7587d04ef000 r--s 00068000 fc:00 10777893                   /home/kasun/.m2/repository/dom4j/dom4j/1.1/dom4j-1.1.jar
7587d04ef000-7587d04f1000 r--s 00014000 fc:00 10777892                   /home/kasun/.m2/repository/commons-chain/commons-chain/1.1/commons-chain-1.1.jar
7587d04f1000-7587d04f7000 r--s 0004f000 fc:00 10777888                   /home/kasun/.m2/repository/org/apache/velocity/velocity-tools/2.0/velocity-tools-2.0.jar
7587d04f7000-7587d04f8000 r--s 00002000 fc:00 10777886                   /home/kasun/.m2/repository/org/codehaus/plexus/plexus-i18n/1.0-beta-7/plexus-i18n-1.0-beta-7.jar
7587d04f8000-7587d04fa000 r--s 00008000 fc:00 10777885                   /home/kasun/.m2/repository/org/apache/maven/doxia/doxia-module-fml/1.4/doxia-module-fml-1.4.jar
7587d04fa000-7587d04fb000 r--s 00003000 fc:00 10777884                   /home/kasun/.m2/repository/org/apache/maven/doxia/doxia-module-xhtml/1.4/doxia-module-xhtml-1.4.jar
7587d04fb000-7587d04fd000 r--s 0000b000 fc:00 10777882                   /home/kasun/.m2/repository/org/apache/maven/doxia/doxia-site-renderer/1.4/doxia-site-renderer-1.4.jar
7587d04fd000-7587d04fe000 r--s 0000e000 fc:00 10777878                   /home/kasun/.m2/repository/org/apache/maven/doxia/doxia-decoration-model/1.4/doxia-decoration-model-1.4.jar
7587d04fe000-7587d04ff000 r--s 00002000 fc:00 10777876                   /home/kasun/.m2/repository/org/apache/maven/doxia/doxia-logging-api/1.4/doxia-logging-api-1.4.jar
7587d04ff000-7587d0500000 r--s 00002000 fc:00 10777875                   /home/kasun/.m2/repository/org/apache/maven/doxia/doxia-sink-api/1.4/doxia-sink-api-1.4.jar
7587d0500000-7587d0503000 ---p 00000000 00:00 0 
7587d0503000-7587d0600000 rw-p 00000000 00:00 0 
7587d0600000-7587d0601000 r-xp 00000000 fc:00 22413345                   /tmp/mvndnative-unknown-833d84da4ad00496-libmvndnative.so
7587d0601000-7587d0800000 ---p 00001000 fc:00 22413345                   /tmp/mvndnative-unknown-833d84da4ad00496-libmvndnative.so
7587d0800000-7587d0801000 r--p 00000000 fc:00 22413345                   /tmp/mvndnative-unknown-833d84da4ad00496-libmvndnative.so
7587d0801000-7587d0802000 rw-p 00001000 fc:00 22413345                   /tmp/mvndnative-unknown-833d84da4ad00496-libmvndnative.so
7587d0802000-7587d0804000 r--s 00008000 fc:00 10777874                   /home/kasun/.m2/repository/commons-logging/commons-logging/1.0.4/commons-logging-1.0.4.jar
7587d0804000-7587d0808000 r--s 00026000 fc:00 10777872                   /home/kasun/.m2/repository/commons-digester/commons-digester/1.6/commons-digester-1.6.jar
7587d0808000-7587d080b000 r--s 0001f000 fc:00 10777867                   /home/kasun/.m2/repository/commons-validator/commons-validator/1.3.1/commons-validator-1.3.1.jar
7587d080b000-7587d080d000 r--s 0000a000 fc:00 10777866                   /home/kasun/.m2/repository/commons-codec/commons-codec/1.3/commons-codec-1.3.jar
7587d080d000-7587d0812000 r--s 00026000 fc:00 10777865                   /home/kasun/.m2/repository/org/apache/httpcomponents/httpcore/4.0.1/httpcore-4.0.1.jar
7587d0812000-7587d0819000 r--s 00041000 fc:00 10777861                   /home/kasun/.m2/repository/org/apache/httpcomponents/httpclient/4.0.2/httpclient-4.0.2.jar
7587d0819000-7587d0821000 r--s 00028000 fc:00 10777857                   /home/kasun/.m2/repository/xml-apis/xml-apis/1.3.04/xml-apis-1.3.04.jar
7587d0821000-7587d0839000 r--s 00115000 fc:00 10777860                   /home/kasun/.m2/repository/xerces/xercesImpl/2.9.1/xercesImpl-2.9.1.jar
7587d0839000-7587d083d000 r--s 00022000 fc:00 10777858                   /home/kasun/.m2/repository/org/apache/maven/doxia/doxia-core/1.2/doxia-core-1.2.jar
7587d083d000-7587d0841000 r--s 00025000 fc:00 10777856                   /home/kasun/.m2/repository/org/apache/maven/shared/maven-shared-utils/0.6/maven-shared-utils-0.6.jar
7587d0841000-7587d0842000 r--s 00004000 fc:00 10777853                   /home/kasun/.m2/repository/org/apache/maven/reporting/maven-reporting-impl/2.3/maven-reporting-impl-2.3.jar
7587d0842000-7587d0843000 r--s 00002000 fc:00 10777855                   /home/kasun/.m2/repository/org/apache/maven/reporting/maven-reporting-api/3.0/maven-reporting-api-3.0.jar
7587d0843000-7587d0844000 r--s 00001000 fc:00 10777851                   /home/kasun/.m2/repository/com/sonatype/checkstyle-checks/13/checkstyle-checks-13.jar
7587d0844000-7587d0846000 r--s 00019000 fc:00 10770520                   /home/kasun/.m2/repository/org/apache/maven/plugins/maven-checkstyle-plugin/3.1.0/maven-checkstyle-plugin-3.1.0.jar
7587d0846000-7587d0849000 r--s 0003d000 fc:00 10772090                   /home/kasun/.m2/repository/org/codehaus/plexus/plexus-utils/3.2.1/plexus-utils-3.2.1.jar
7587d0849000-7587d0855000 r--s 0008b000 fc:00 10772077                   /home/kasun/.m2/repository/org/apache/commons/commons-compress/1.19/commons-compress-1.19.jar
7587d0855000-7587d085a000 r--s 0002b000 fc:00 10772076                   /home/kasun/.m2/repository/org/codehaus/plexus/plexus-archiver/4.2.1/plexus-archiver-4.2.1.jar
7587d085a000-7587d085b000 r--s 00007000 fc:00 10770513                   /home/kasun/.m2/repository/org/apache/maven/plugins/maven-source-plugin/3.2.1/maven-source-plugin-3.2.1.jar
7587d085b000-7587d085d000 r--s 00005000 fc:00 10772074                   /home/kasun/.m2/repository/org/apache/maven/maven-archiver/3.5.0/maven-archiver-3.5.0.jar
7587d085d000-7587d0860000 r--s 00008000 fc:00 10778649                   /home/kasun/.m2/repository/org/apache/maven/shared/maven-shared-io/3.0.0/maven-shared-io-3.0.0.jar
7587d0860000-7587d0862000 r--s 00007000 fc:00 10778650                   /home/kasun/.m2/repository/org/apache/maven/shared/file-management/3.0.0/file-management-3.0.0.jar
7587d0862000-7587d0866000 r--s 00017000 fc:00 10772084                   /home/kasun/.m2/repository/org/tukaani/xz/1.8/xz-1.8.jar
7587d0866000-7587d0868000 r--s 0000d000 fc:00 10772078                   /home/kasun/.m2/repository/org/iq80/snappy/snappy/0.4/snappy-0.4.jar
7587d0868000-7587d0874000 r--s 0008f000 fc:00 10778652                   /home/kasun/.m2/repository/org/apache/commons/commons-compress/1.20/commons-compress-1.20.jar
7587d0874000-7587d0877000 r--s 00010000 fc:00 10772075                   /home/kasun/.m2/repository/org/codehaus/plexus/plexus-io/3.2.0/plexus-io-3.2.0.jar
7587d0877000-7587d087c000 r--s 0002b000 fc:00 10778646                   /home/kasun/.m2/repository/org/codehaus/plexus/plexus-archiver/4.2.3/plexus-archiver-4.2.3.jar
7587d087c000-7587d087d000 r--s 00006000 fc:00 10778326                   /home/kasun/.m2/repository/org/apache/maven/plugins/maven-jar-plugin/3.2.0/maven-jar-plugin-3.2.0.jar
7587d087d000-7587d0882000 r--s 00039000 fc:00 10771934                   /home/kasun/.m2/repository/org/codehaus/plexus/plexus-utils/1.5.6/plexus-utils-1.5.6.jar
7587d0882000-7587d0884000 r--s 00006000 fc:00 10771933                   /home/kasun/.m2/repository/org/apache/maven/shared/maven-common-artifact-filters/1.4/maven-common-artifact-filters-1.4.jar
7587d0884000-7587d088d000 r--s 00073000 fc:00 10771926                   /home/kasun/.m2/repository/org/apache/commons/commons-lang3/3.9/commons-lang3-3.9.jar
7587d088d000-7587d088f000 r--s 00000000 fc:00 10771923                   /home/kasun/.m2/repository/org/codehaus/plexus/plexus-component-annotations/1.5.4/plexus-component-annotations-1.5.4.jar
7587d088f000-7587d0891000 r--s 00000000 fc:00 10771924                   /home/kasun/.m2/repository/org/codehaus/mojo/java-boot-classpath-detector/1.19/java-boot-classpath-detector-1.19.jar
7587d0891000-7587d0893000 r--s 0001c000 fc:00 10771927                   /home/kasun/.m2/repository/org/ow2/asm/asm/7.3.1/asm-7.3.1.jar
7587d0893000-7587d0895000 r--s 00008000 fc:00 10771921                   /home/kasun/.m2/repository/org/codehaus/mojo/animal-sniffer/1.19/animal-sniffer-1.19.jar
7587d0895000-7587d089c000 r--s 0004b000 fc:00 10778198                   /home/kasun/.m2/repository/commons-codec/commons-codec/1.11/commons-codec-1.11.jar
7587d089c000-7587d08a4000 r--s 00049000 fc:00 10773913                   /home/kasun/.m2/repository/org/apache/httpcomponents/httpcore/4.4.13/httpcore-4.4.13.jar
7587d08a4000-7587d08b5000 r--s 000e8000 fc:00 12060485                   /home/kasun/.m2/repository/org/apache/commons/commons-compress/1.21/commons-compress-1.21.jar
7587d08b5000-7587d08b8000 ---p 00000000 00:00 0 
7587d08b8000-7587d0bb5000 rw-p 00000000 00:00 0 
7587d0bb5000-7587d0bb8000 ---p 00000000 00:00 0 
7587d0bb8000-7587d0cb5000 rw-p 00000000 00:00 0 
7587d0cb5000-7587d0cb7000 r--s 00007000 fc:00 10770575                   /home/kasun/.m2/repository/org/codehaus/mojo/animal-sniffer-maven-plugin/1.19/animal-sniffer-maven-plugin-1.19.jar
7587d0cb7000-7587d0cba000 r--s 0002c000 fc:00 12880765                   /home/kasun/.m2/repository/org/codehaus/plexus/plexus-utils/4.0.0/plexus-utils-4.0.0.jar
7587d0cba000-7587d0cbc000 r--s 0000e000 fc:00 10776401                   /home/kasun/.m2/repository/commons-logging/commons-logging/1.2/commons-logging-1.2.jar
7587d0cbc000-7587d0cbe000 r--s 0000c000 fc:00 10777012                   /home/kasun/.m2/repository/org/apache/commons/commons-exec/1.3/commons-exec-1.3.jar
7587d0cbe000-7587d0cd5000 r--s 0015f000 fc:00 12880763                   /home/kasun/.m2/repository/com/fasterxml/jackson/core/jackson-databind/2.13.4.2/jackson-databind-2.13.4.2.jar
7587d0cd5000-7587d0cd8000 ---p 00000000 00:00 0 
7587d0cd8000-7587d0dd5000 rw-p 00000000 00:00 0 
7587d0dd5000-7587d0dd8000 r--s 00010000 fc:00 12880764                   /home/kasun/.m2/repository/com/fasterxml/jackson/core/jackson-annotations/2.13.4/jackson-annotations-2.13.4.jar
7587d0dd8000-7587d0ddd000 r--s 00057000 fc:00 12880761                   /home/kasun/.m2/repository/com/fasterxml/jackson/core/jackson-core/2.13.0/jackson-core-2.13.0.jar
7587d0ddd000-7587d0de0000 r--s 00012000 fc:00 12880759                   /home/kasun/.m2/repository/com/github/eirslett/frontend-plugin-core/1.14.2/frontend-plugin-core-1.14.2.jar
7587d0de0000-7587d0de2000 r--s 00009000 fc:00 12880713                   /home/kasun/.m2/repository/com/github/eirslett/frontend-maven-plugin/1.14.2/frontend-maven-plugin-1.14.2.jar
7587d0de2000-7587d0de4000 r--s 00004000 fc:00 10778531                   /home/kasun/.m2/repository/org/codehaus/plexus/plexus-compiler-javac/2.8.4/plexus-compiler-javac-2.8.4.jar
7587d0de4000-7587d0de6000 r--s 00000000 fc:00 10778522                   /home/kasun/.m2/repository/org/codehaus/plexus/plexus-compiler-manager/2.8.4/plexus-compiler-manager-2.8.4.jar
7587d0de6000-7587d0de8000 r--s 00005000 fc:00 10778524                   /home/kasun/.m2/repository/org/codehaus/plexus/plexus-compiler-api/2.8.4/plexus-compiler-api-2.8.4.jar
7587d0de8000-7587d0def000 r--s 00047000 fc:00 10778523                   /home/kasun/.m2/repository/com/thoughtworks/qdox/qdox/2.0-M9/qdox-2.0-M9.jar
7587d0def000-7587d0df1000 r--s 0001a000 fc:00 10778525                   /home/kasun/.m2/repository/org/ow2/asm/asm/6.2/asm-6.2.jar
7587d0df1000-7587d0df3000 r--s 00008000 fc:00 10778521                   /home/kasun/.m2/repository/org/codehaus/plexus/plexus-java/0.9.10/plexus-java-0.9.10.jar
7587d0df3000-7587d0df5000 r--s 00002000 fc:00 10778519                   /home/kasun/.m2/repository/org/apache/maven/shared/maven-shared-incremental/1.1/maven-shared-incremental-1.1.jar
7587d0df5000-7587d0df9000 r--s 0002f000 fc:00 10770739                   /home/kasun/.m2/repository/commons-io/commons-io/2.5/commons-io-2.5.jar
7587d0df9000-7587d0dfc000 r--s 00026000 fc:00 10770738                   /home/kasun/.m2/repository/org/apache/maven/shared/maven-shared-utils/3.2.1/maven-shared-utils-3.2.1.jar
7587d0dfc000-7587d0dfe000 r--s 00000000 fc:00 10770729                   /home/kasun/.m2/repository/org/codehaus/plexus/plexus-component-annotations/1.7.1/plexus-component-annotations-1.7.1.jar
7587d0dfe000-7587d0e00000 r--s 0000d000 fc:00 10772066                   /home/kasun/.m2/repository/org/codehaus/plexus/plexus-interpolation/1.14/plexus-interpolation-1.14.jar
7587d0e00000-7587d0e03000 ---p 00000000 00:00 0 
7587d0e03000-7587d1100000 rw-p 00000000 00:00 0 
7587d1100000-7587d1103000 ---p 00000000 00:00 0 
7587d1103000-7587d1200000 rw-p 00000000 00:00 0 
7587d1200000-7587d1209000 r-xp 00000000 fc:00 8786343                    /home/kasun/.sdkman/candidates/java/8.0.382-amzn/jre/lib/amd64/libmanagement.so
7587d1209000-7587d1408000 ---p 00009000 fc:00 8786343                    /home/kasun/.sdkman/candidates/java/8.0.382-amzn/jre/lib/amd64/libmanagement.so
7587d1408000-7587d1409000 r--p 00008000 fc:00 8786343                    /home/kasun/.sdkman/candidates/java/8.0.382-amzn/jre/lib/amd64/libmanagement.so
7587d1409000-7587d140a000 rw-p 00009000 fc:00 8786343                    /home/kasun/.sdkman/candidates/java/8.0.382-amzn/jre/lib/amd64/libmanagement.so
7587d140a000-7587d140e000 r--s 00017000 fc:00 10772067                   /home/kasun/.m2/repository/org/sonatype/aether/aether-util/1.7/aether-util-1.7.jar
7587d140e000-7587d1412000 r--s 00033000 fc:00 10770730                   /home/kasun/.m2/repository/org/codehaus/plexus/plexus-utils/2.0.4/plexus-utils-2.0.4.jar
7587d1412000-7587d141d000 r--s 00069000 fc:00 10770737                   /home/kasun/.m2/repository/org/sonatype/sisu/sisu-guice/2.1.7/sisu-guice-2.1.7-noaop.jar
7587d141d000-7587d1422000 r--s 00021000 fc:00 10770740                   /home/kasun/.m2/repository/org/sonatype/sisu/sisu-inject-bean/1.4.2/sisu-inject-bean-1.4.2.jar
7587d1422000-7587d1424000 r--s 0000e000 fc:00 10778306                   /home/kasun/.m2/repository/org/apache/maven/plugins/maven-compiler-plugin/3.8.1/maven-compiler-plugin-3.8.1.jar
7587d1424000-7587d142c000 r--s 00073000 fc:00 10778212                   /home/kasun/.m2/repository/org/apache/commons/commons-lang3/3.8.1/commons-lang3-3.8.1.jar
7587d142c000-7587d1430000 r--s 00031000 fc:00 10778458                   /home/kasun/.m2/repository/commons-io/commons-io/2.6/commons-io-2.6.jar
7587d1430000-7587d1432000 r--s 00001000 fc:00 10778457                   /home/kasun/.m2/repository/org/sonatype/plexus/plexus-build-api/0.0.7/plexus-build-api-0.0.7.jar
7587d1432000-7587d1434000 r--s 0000b000 fc:00 10778451                   /home/kasun/.m2/repository/org/apache/maven/shared/maven-filtering/3.2.0/maven-filtering-3.2.0.jar
7587d1434000-7587d1435000 r--s 0000a000 fc:00 10778448                   /home/kasun/.m2/repository/asm/asm/3.3.1/asm-3.3.1.jar
7587d1435000-7587d143b000 r--s 0002c000 fc:00 10778450                   /home/kasun/.m2/repository/org/eclipse/sisu/org.eclipse.sisu.inject/0.0.0.M2a/org.eclipse.sisu.inject-0.0.0.M2a.jar
7587d143b000-7587d143e000 r--s 00012000 fc:00 10778447                   /home/kasun/.m2/repository/org/codehaus/plexus/plexus-interpolation/1.26/plexus-interpolation-1.26.jar
7587d143e000-7587d1442000 r--s 00035000 fc:00 10778440                   /home/kasun/.m2/repository/org/codehaus/plexus/plexus-utils/3.0.10/plexus-utils-3.0.10.jar
7587d1442000-7587d1444000 r--s 00007000 fc:00 10778299                   /home/kasun/.m2/repository/org/apache/maven/plugins/maven-resources-plugin/3.2.0/maven-resources-plugin-3.2.0.jar
7587d1444000-7587d1447000 ---p 00000000 00:00 0 
7587d1447000-7587d147d000 rw-p 00000000 00:00 0 
7587d147d000-7587d148f000 r--s 0034c000 fc:00 8786372                    /home/kasun/.sdkman/candidates/java/8.0.382-amzn/jre/lib/resources.jar
7587d148f000-7587d1493000 r--s 00038000 fc:00 10771752                   /home/kasun/.m2/repository/org/codehaus/plexus/plexus-utils/3.0.21/plexus-utils-3.0.21.jar
7587d1493000-7587d1498000 r--s 00039000 fc:00 10771751                   /home/kasun/.m2/repository/com/trilead/trilead-ssh2/1.0.0-build217/trilead-ssh2-1.0.0-build217.jar
7587d1498000-7587d149b000 r--s 0000f000 fc:00 10771748                   /home/kasun/.m2/repository/de/regnis/q/sequence/sequence-library/1.0.2/sequence-library-1.0.2.jar
7587d149b000-7587d149c000 r--s 00001000 fc:00 10771746                   /home/kasun/.m2/repository/com/jcraft/jsch.agentproxy.pageant/0.0.7/jsch.agentproxy.pageant-0.0.7.jar
7587d149c000-7587d149e000 r--s 00000000 fc:00 10771743                   /home/kasun/.m2/repository/com/jcraft/jsch.agentproxy.sshagent/0.0.7/jsch.agentproxy.sshagent-0.0.7.jar
7587d149e000-7587d149f000 r--s 00001000 fc:00 10771741                   /home/kasun/.m2/repository/com/jcraft/jsch.agentproxy.usocket-nc/0.0.7/jsch.agentproxy.usocket-nc-0.0.7.jar
7587d149f000-7587d14a0000 r--s 00001000 fc:00 10771740                   /home/kasun/.m2/repository/com/jcraft/jsch.agentproxy.usocket-jna/0.0.7/jsch.agentproxy.usocket-jna-0.0.7.jar
7587d14a0000-7587d14af000 r--s 00115000 fc:00 10771736                   /home/kasun/.m2/repository/net/java/dev/jna/platform/3.5.2/platform-3.5.2.jar
7587d14af000-7587d14b3000 r--s 00025000 fc:00 10771734                   /home/kasun/.m2/repository/org/antlr/antlr-runtime/3.4/antlr-runtime-3.4.jar
7587d14b3000-7587d14c3000 r--s 000ab000 fc:00 10771730                   /home/kasun/.m2/repository/org/tmatesoft/sqljet/sqljet/1.1.10/sqljet-1.1.10.jar
7587d14c3000-7587d14c5000 r--s 00001000 fc:00 10771728                   /home/kasun/.m2/repository/com/jcraft/jsch.agentproxy.core/0.0.7/jsch.agentproxy.core-0.0.7.jar
7587d14c5000-7587d14f7000 r--s 00372000 fc:00 10771727                   /home/kasun/.m2/repository/org/tmatesoft/svnkit/svnkit/1.8.5/svnkit-1.8.5.jar
7587d14f7000-7587d14fa000 r--s 000a6000 fc:00 10771726                   /home/kasun/.m2/repository/net/java/dev/jna/jna/3.5.2/jna-3.5.2.jar
7587d14fa000-7587d14fd000 r--s 0000d000 fc:00 10771720                   /home/kasun/.m2/repository/com/google/code/maven-scm-provider-svnjava/maven-scm-provider-svnjava/2.1.1/maven-scm-provider-svnjava-2.1.1.jar
7587d14fd000-7587d1500000 ---p 00000000 00:00 0 
7587d1500000-7587d17bd000 rw-p 00000000 00:00 0 
7587d17bd000-7587d19bd000 rw-p 00000000 00:00 0 
7587d19bd000-7587d1bbd000 rw-p 00000000 00:00 0 
7587d1bbd000-7587d1dfd000 rw-p 00000000 00:00 0 
7587d1dfd000-7587d1dfe000 ---p 00000000 00:00 0 
7587d1dfe000-7587d1efe000 rw-p 00000000 00:00 0 
7587d1efe000-7587d1f01000 ---p 00000000 00:00 0 
7587d1f01000-7587d1ffe000 rw-p 00000000 00:00 0 
7587d1ffe000-7587d1fff000 ---p 00000000 00:00 0 
7587d1fff000-7587d2002000 ---p 00000000 00:00 0 
7587d2002000-7587d20ff000 rw-p 00000000 00:00 0 
7587d20ff000-7587d2100000 ---p 00000000 00:00 0 
7587d2100000-7587d2103000 ---p 00000000 00:00 0 
7587d2103000-7587d2200000 rw-p 00000000 00:00 0 
7587d2200000-7587d2218000 r-xp 00000000 fc:00 8786354                    /home/kasun/.sdkman/candidates/java/8.0.382-amzn/jre/lib/amd64/libnet.so
7587d2218000-7587d2417000 ---p 00018000 fc:00 8786354                    /home/kasun/.sdkman/candidates/java/8.0.382-amzn/jre/lib/amd64/libnet.so
7587d2417000-7587d2418000 r--p 00017000 fc:00 8786354                    /home/kasun/.sdkman/candidates/java/8.0.382-amzn/jre/lib/amd64/libnet.so
7587d2418000-7587d2419000 rw-p 00018000 fc:00 8786354                    /home/kasun/.sdkman/candidates/java/8.0.382-amzn/jre/lib/amd64/libnet.so
7587d2419000-7587d241a000 r--s 00002000 fc:00 10771737                   /home/kasun/.m2/repository/com/jcraft/jsch.agentproxy.connector-factory/0.0.7/jsch.agentproxy.connector-factory-0.0.7.jar
7587d241a000-7587d241b000 r--s 00000000 fc:00 10771729                   /home/kasun/.m2/repository/com/jcraft/jsch.agentproxy.svnkit-trilead-ssh2/0.0.7/jsch.agentproxy.svnkit-trilead-ssh2-0.0.7.jar
7587d241b000-7587d241e000 r--s 0000e000 fc:00 10771718                   /home/kasun/.m2/repository/org/apache/maven/scm/maven-scm-provider-hg/1.9.4/maven-scm-provider-hg-1.9.4.jar
7587d241e000-7587d2421000 r--s 00012000 fc:00 10771719                   /home/kasun/.m2/repository/org/apache/maven/scm/maven-scm-provider-perforce/1.9.4/maven-scm-provider-perforce-1.9.4.jar
7587d2421000-7587d2424000 r--s 0000e000 fc:00 10771717                   /home/kasun/.m2/repository/org/apache/maven/scm/maven-scm-provider-clearcase/1.9.4/maven-scm-provider-clearcase-1.9.4.jar
7587d2424000-7587d2427000 r--s 0000f000 fc:00 10771716                   /home/kasun/.m2/repository/org/apache/maven/scm/maven-scm-provider-starteam/1.9.4/maven-scm-provider-starteam-1.9.4.jar
7587d2427000-7587d242a000 r--s 00010000 fc:00 10771710                   /home/kasun/.m2/repository/org/apache/maven/scm/maven-scm-provider-cvs-commons/1.9.4/maven-scm-provider-cvs-commons-1.9.4.jar
7587d242a000-7587d242c000 r--s 00006000 fc:00 10771709                   /home/kasun/.m2/repository/org/apache/maven/scm/maven-scm-provider-cvsexe/1.9.4/maven-scm-provider-cvsexe-1.9.4.jar
7587d242c000-7587d242e000 r--s 00008000 fc:00 10771708                   /home/kasun/.m2/repository/org/apache/maven/scm/maven-scm-provider-svn-commons/1.9.4/maven-scm-provider-svn-commons-1.9.4.jar
7587d242e000-7587d2430000 r--s 00007000 fc:00 10771707                   /home/kasun/.m2/repository/org/apache/maven/scm/maven-scm-provider-git-commons/1.9.4/maven-scm-provider-git-commons-1.9.4.jar
7587d2430000-7587d2434000 r--s 00027000 fc:00 10771706                   /home/kasun/.m2/repository/commons-io/commons-io/2.2/commons-io-2.2.jar
7587d2434000-7587d2437000 r--s 0000e000 fc:00 10771698                   /home/kasun/.m2/repository/org/apache/maven/scm/maven-scm-provider-gitexe/1.9.4/maven-scm-provider-gitexe-1.9.4.jar
7587d2437000-7587d2439000 r--s 00011000 fc:00 10771700                   /home/kasun/.m2/repository/org/apache/maven/scm/maven-scm-provider-svnexe/1.9.4/maven-scm-provider-svnexe-1.9.4.jar
7587d2439000-7587d243b000 r--s 0000c000 fc:00 10771699                   /home/kasun/.m2/repository/org/apache/maven/scm/maven-scm-provider-bazaar/1.9.4/maven-scm-provider-bazaar-1.9.4.jar
7587d243b000-7587d243c000 r--s 00002000 fc:00 10771697                   /home/kasun/.m2/repository/org/apache/maven/scm/maven-scm-manager-plexus/1.9.4/maven-scm-manager-plexus-1.9.4.jar
7587d243c000-7587d2440000 r--s 00017000 fc:00 10771696                   /home/kasun/.m2/repository/org/apache/maven/scm/maven-scm-api/1.9.4/maven-scm-api-1.9.4.jar
7587d2440000-7587d2442000 r--s 00009000 fc:00 10771678                   /home/kasun/.m2/repository/commons-cli/commons-cli/1.2/commons-cli-1.2.jar
7587d2442000-7587d2443000 r--s 00002000 fc:00 10771680                   /home/kasun/.m2/repository/org/apache/maven/doxia/doxia-logging-api/1.1/doxia-logging-api-1.1.jar
7587d2443000-7587d2445000 r--s 00002000 fc:00 10771676                   /home/kasun/.m2/repository/org/apache/maven/doxia/doxia-sink-api/1.1/doxia-sink-api-1.1.jar
7587d2445000-7587d2446000 r--s 00002000 fc:00 10771670                   /home/kasun/.m2/repository/org/apache/maven/reporting/maven-reporting-api/2.2.1/maven-reporting-api-2.2.1.jar
7587d2446000-7587d2448000 r--s 00003000 fc:00 10771669                   /home/kasun/.m2/repository/org/slf4j/jcl-over-slf4j/1.5.6/jcl-over-slf4j-1.5.6.jar
7587d2448000-7587d244a000 r--s 00001000 fc:00 10771667                   /home/kasun/.m2/repository/org/slf4j/slf4j-jdk14/1.5.6/slf4j-jdk14-1.5.6.jar
7587d244a000-7587d244c000 r--s 0000b000 fc:00 10771656                   /home/kasun/.m2/repository/org/codehaus/plexus/plexus-interpolation/1.11/plexus-interpolation-1.11.jar
7587d244c000-7587d2454000 r--s 00049000 fc:00 10771648                   /home/kasun/.m2/repository/backport-util-concurrent/backport-util-concurrent/3.1/backport-util-concurrent-3.1.jar
7587d2454000-7587d2455000 r--s 00009000 fc:00 10770559                   /home/kasun/.m2/repository/org/codehaus/mojo/buildnumber-maven-plugin/1.4/buildnumber-maven-plugin-1.4.jar
7587d2455000-7587d245a000 r--s 0005a000 fc:00 10771136                   /home/kasun/.m2/repository/org/apache-extras/beanshell/bsh/2.0b6/bsh-2.0b6.jar
7587d245a000-7587d245d000 r--s 0001a000 fc:00 10771127                   /home/kasun/.m2/repository/org/apache/maven/enforcer/enforcer-rules/3.0.0/enforcer-rules-3.0.0.jar
7587d245d000-7587d245e000 r--s 00002000 fc:00 10771125                   /home/kasun/.m2/repository/org/apache/maven/enforcer/enforcer-api/3.0.0/enforcer-api-3.0.0.jar
7587d245e000-7587d2462000 r--s 0003d000 fc:00 10771126                   /home/kasun/.m2/repository/org/codehaus/plexus/plexus-utils/3.3.0/plexus-utils-3.3.0.jar
7587d2462000-7587d2464000 r--s 00002000 fc:00 10771119                   /home/kasun/.m2/repository/org/sonatype/plexus/plexus-cipher/1.4/plexus-cipher-1.4.jar
7587d2464000-7587d2466000 r--s 00000000 fc:00 10771117                   /home/kasun/.m2/repository/org/codehaus/plexus/plexus-component-annotations/2.0.0/plexus-component-annotations-2.0.0.jar
7587d2466000-7587d2469000 r--s 0000d000 fc:00 10771115                   /home/kasun/.m2/repository/org/codehaus/plexus/plexus-interpolation/1.19/plexus-interpolation-1.19.jar
7587d2469000-7587d246f000 r--s 00042000 fc:00 10771089                   /home/kasun/.m2/repository/org/eclipse/sisu/org.eclipse.sisu.inject/0.0.0.M5/org.eclipse.sisu.inject-0.0.0.M5.jar
7587d246f000-7587d2471000 r--s 00000000 fc:00 10771088                   /home/kasun/.m2/repository/aopalliance/aopalliance/1.0/aopalliance-1.0.jar
7587d2471000-7587d248f000 r--s 00151000 fc:00 10771086                   /home/kasun/.m2/repository/com/google/guava/guava/10.0.1/guava-10.0.1.jar
7587d248f000-7587d24bc000 r--s 00227000 fc:00 13380892                   /home/kasun/.m2/repository/org/apache/maven/surefire/surefire-shared-utils/3.2.5/surefire-shared-utils-3.2.5.jar
7587d24bc000-7587d24ce000 r--p 00000000 fc:00 11171299                   /usr/lib/x86_64-linux-gnu/gvfs/libgvfscommon.so
7587d24ce000-7587d24ea000 r-xp 00012000 fc:00 11171299                   /usr/lib/x86_64-linux-gnu/gvfs/libgvfscommon.so
7587d24ea000-7587d24f7000 r--p 0002e000 fc:00 11171299                   /usr/lib/x86_64-linux-gnu/gvfs/libgvfscommon.so
7587d24f7000-7587d24f8000 ---p 0003b000 fc:00 11171299                   /usr/lib/x86_64-linux-gnu/gvfs/libgvfscommon.so
7587d24f8000-7587d24fe000 r--p 0003b000 fc:00 11171299                   /usr/lib/x86_64-linux-gnu/gvfs/libgvfscommon.so
7587d24fe000-7587d24ff000 rw-p 00041000 fc:00 11171299                   /usr/lib/x86_64-linux-gnu/gvfs/libgvfscommon.so
7587d24ff000-7587d2500000 ---p 00000000 00:00 0 
7587d2500000-7587d2503000 ---p 00000000 00:00 0 
7587d2503000-7587d2600000 rw-p 00000000 00:00 0 
7587d2600000-7587d2611000 r-xp 00000000 fc:00 8786358                    /home/kasun/.sdkman/candidates/java/8.0.382-amzn/jre/lib/amd64/libnio.so
7587d2611000-7587d2811000 ---p 00011000 fc:00 8786358                    /home/kasun/.sdkman/candidates/java/8.0.382-amzn/jre/lib/amd64/libnio.so
7587d2811000-7587d2812000 r--p 00011000 fc:00 8786358                    /home/kasun/.sdkman/candidates/java/8.0.382-amzn/jre/lib/amd64/libnio.so
7587d2812000-7587d2813000 rw-p 00012000 fc:00 8786358                    /home/kasun/.sdkman/candidates/java/8.0.382-amzn/jre/lib/amd64/libnio.so
7587d2813000-7587d2814000 r--s 00006000 fc:00 10771118                   /home/kasun/.m2/repository/org/sonatype/plexus/plexus-sec-dispatcher/1.3/plexus-sec-dispatcher-1.3.jar
7587d2814000-7587d2817000 r--s 00006000 fc:00 10771085                   /home/kasun/.m2/repository/com/google/code/findbugs/jsr305/1.3.9/jsr305-1.3.9.jar
7587d2817000-7587d2818000 r--s 00001000 fc:00 10771079                   /home/kasun/.m2/repository/javax/annotation/jsr250-api/1.0/jsr250-api-1.0.jar
7587d2818000-7587d281b000 r--s 00008000 fc:00 10771078                   /home/kasun/.m2/repository/javax/enterprise/cdi-api/1.0/cdi-api-1.0.jar
7587d281b000-7587d281e000 r--s 00023000 fc:00 10771067                   /home/kasun/.m2/repository/org/apache/maven/shared/maven-shared-utils/3.3.3/maven-shared-utils-3.3.3.jar
7587d281e000-7587d2820000 r--s 0000d000 fc:00 10771065                   /home/kasun/.m2/repository/org/apache/maven/shared/maven-common-artifact-filters/3.2.0/maven-common-artifact-filters-3.2.0.jar
7587d2820000-7587d282a000 r--p 00000000 fc:00 11170650                   /usr/lib/x86_64-linux-gnu/gio/modules/libgvfsdbus.so
7587d282a000-7587d2848000 r-xp 0000a000 fc:00 11170650                   /usr/lib/x86_64-linux-gnu/gio/modules/libgvfsdbus.so
7587d2848000-7587d2852000 r--p 00028000 fc:00 11170650                   /usr/lib/x86_64-linux-gnu/gio/modules/libgvfsdbus.so
7587d2852000-7587d2854000 r--p 00031000 fc:00 11170650                   /usr/lib/x86_64-linux-gnu/gio/modules/libgvfsdbus.so
7587d2854000-7587d2855000 rw-p 00033000 fc:00 11170650                   /usr/lib/x86_64-linux-gnu/gio/modules/libgvfsdbus.so
7587d2855000-7587d2857000 r--p 00000000 fc:00 11169048                   /usr/lib/x86_64-linux-gnu/libpcre2-8.so.0.10.4
7587d2857000-7587d28c2000 r-xp 00002000 fc:00 11169048                   /usr/lib/x86_64-linux-gnu/libpcre2-8.so.0.10.4
7587d28c2000-7587d28ea000 r--p 0006d000 fc:00 11169048                   /usr/lib/x86_64-linux-gnu/libpcre2-8.so.0.10.4
7587d28ea000-7587d28eb000 r--p 00094000 fc:00 11169048                   /usr/lib/x86_64-linux-gnu/libpcre2-8.so.0.10.4
7587d28eb000-7587d28ec000 rw-p 00095000 fc:00 11169048                   /usr/lib/x86_64-linux-gnu/libpcre2-8.so.0.10.4
7587d28ec000-7587d28ed000 ---p 00000000 00:00 0 
7587d28ed000-7587d28f0000 ---p 00000000 00:00 0 
7587d28f0000-7587d29ed000 rw-p 00000000 00:00 0 
7587d29ed000-7587d29f0000 ---p 00000000 00:00 0 
7587d29f0000-7587d2aed000 rw-p 00000000 00:00 0 
7587d2aed000-7587d2af0000 ---p 00000000 00:00 0 
7587d2af0000-7587d2bed000 rw-p 00000000 00:00 0 
7587d2bed000-7587d2bf0000 ---p 00000000 00:00 0 
7587d2bf0000-7587d2ced000 rw-p 00000000 00:00 0 
7587d2ced000-7587d2cee000 ---p 00000000 00:00 0 
7587d2cee000-7587d4000000 rw-p 00000000 00:00 0 
7587d4000000-7587d4021000 rw-p 00000000 00:00 0 
7587d4021000-7587d8000000 ---p 00000000 00:00 0 
7587d8000000-7587d8004000 r--s 00016000 fc:00 10771069                   /home/kasun/.m2/repository/org/apache/maven/shared/maven-dependency-tree/3.1.0/maven-dependency-tree-3.1.0.jar
7587d8004000-7587d800b000 r--s 00000000 fc:00 11149920                   /usr/lib/x86_64-linux-gnu/gconv/gconv-modules.cache
7587d800b000-7587d802e000 r--s 00000000 fc:00 11273379                   /usr/share/mime/mime.cache
7587d802e000-7587d8031000 r--p 00000000 fc:00 11168840                   /usr/lib/x86_64-linux-gnu/liblzma.so.5.2.5
7587d8031000-7587d804c000 r-xp 00003000 fc:00 11168840                   /usr/lib/x86_64-linux-gnu/liblzma.so.5.2.5
7587d804c000-7587d8057000 r--p 0001e000 fc:00 11168840                   /usr/lib/x86_64-linux-gnu/liblzma.so.5.2.5
7587d8057000-7587d8058000 r--p 00028000 fc:00 11168840                   /usr/lib/x86_64-linux-gnu/liblzma.so.5.2.5
7587d8058000-7587d8059000 rw-p 00029000 fc:00 11168840                   /usr/lib/x86_64-linux-gnu/liblzma.so.5.2.5
7587d8059000-7587d805d000 r--p 00000000 fc:00 11141433                   /usr/lib/x86_64-linux-gnu/libmagic.so.1.0.0
7587d805d000-7587d8079000 r-xp 00004000 fc:00 11141433                   /usr/lib/x86_64-linux-gnu/libmagic.so.1.0.0
7587d8079000-7587d8080000 r--p 00020000 fc:00 11141433                   /usr/lib/x86_64-linux-gnu/libmagic.so.1.0.0
7587d8080000-7587d8082000 r--p 00026000 fc:00 11141433                   /usr/lib/x86_64-linux-gnu/libmagic.so.1.0.0
7587d8082000-7587d8083000 rw-p 00028000 fc:00 11141433                   /usr/lib/x86_64-linux-gnu/libmagic.so.1.0.0
7587d8083000-7587d8085000 r--p 00000000 fc:00 11169044                   /usr/lib/x86_64-linux-gnu/libpcre.so.3.13.3
7587d8085000-7587d80da000 r-xp 00002000 fc:00 11169044                   /usr/lib/x86_64-linux-gnu/libpcre.so.3.13.3
7587d80da000-7587d80f7000 r--p 00057000 fc:00 11169044                   /usr/lib/x86_64-linux-gnu/libpcre.so.3.13.3
7587d80f7000-7587d80f8000 r--p 00073000 fc:00 11169044                   /usr/lib/x86_64-linux-gnu/libpcre.so.3.13.3
7587d80f8000-7587d80f9000 rw-p 00074000 fc:00 11169044                   /usr/lib/x86_64-linux-gnu/libpcre.so.3.13.3
7587d80f9000-7587d9000000 rw-p 00000000 00:00 0 
7587d9000000-7587de3b0000 rwxp 00000000 00:00 0 
7587de3b0000-7587e8000000 ---p 00000000 00:00 0 
7587e8000000-7587e8e4d000 rw-p 00000000 00:00 0 
7587e8e4d000-7587ec000000 ---p 00000000 00:00 0 
7587ec000000-7587ec002000 r--s 0000b000 fc:00 10771063                   /home/kasun/.m2/repository/org/codehaus/mojo/extra-enforcer-rules/1.5.1/extra-enforcer-rules-1.5.1.jar
7587ec002000-7587ec009000 r--s 0004b000 fc:00 12339361                   /home/kasun/.m2/repository/com/thoughtworks/qdox/qdox/2.0.3/qdox-2.0.3.jar
7587ec009000-7587ec00c000 r--s 0000c000 fc:00 12087752                   /home/kasun/.m2/repository/org/codehaus/plexus/plexus-java/1.2.0/plexus-java-1.2.0.jar
7587ec00c000-7587ec017000 r--s 00070000 fc:00 12882359                   /home/kasun/.m2/repository/commons-io/commons-io/2.15.1/commons-io-2.15.1.jar
7587ec017000-7587ec01e000 r--p 00000000 fc:00 11141694                   /usr/lib/x86_64-linux-gnu/libblkid.so.1.1.0
7587ec01e000-7587ec03e000 r-xp 00007000 fc:00 11141694                   /usr/lib/x86_64-linux-gnu/libblkid.so.1.1.0
7587ec03e000-7587ec047000 r--p 00027000 fc:00 11141694                   /usr/lib/x86_64-linux-gnu/libblkid.so.1.1.0
7587ec047000-7587ec048000 ---p 00030000 fc:00 11141694                   /usr/lib/x86_64-linux-gnu/libblkid.so.1.1.0
7587ec048000-7587ec04d000 r--p 00030000 fc:00 11141694                   /usr/lib/x86_64-linux-gnu/libblkid.so.1.1.0
7587ec04d000-7587ec04e000 rw-p 00035000 fc:00 11141694                   /usr/lib/x86_64-linux-gnu/libblkid.so.1.1.0
7587ec04e000-7587ec054000 r--p 00000000 fc:00 11169200                   /usr/lib/x86_64-linux-gnu/libselinux.so.1
7587ec054000-7587ec06e000 r-xp 00006000 fc:00 11169200                   /usr/lib/x86_64-linux-gnu/libselinux.so.1
7587ec06e000-7587ec075000 r--p 00020000 fc:00 11169200                   /usr/lib/x86_64-linux-gnu/libselinux.so.1
7587ec075000-7587ec076000 ---p 00027000 fc:00 11169200                   /usr/lib/x86_64-linux-gnu/libselinux.so.1
7587ec076000-7587ec077000 r--p 00027000 fc:00 11169200                   /usr/lib/x86_64-linux-gnu/libselinux.so.1
7587ec077000-7587ec078000 rw-p 00028000 fc:00 11169200                   /usr/lib/x86_64-linux-gnu/libselinux.so.1
7587ec078000-7587ec27c000 rw-p 00000000 00:00 0 
7587ec27c000-7587ec44e000 r--s 03cc6000 fc:00 8786317                    /home/kasun/.sdkman/candidates/java/8.0.382-amzn/jre/lib/rt.jar
7587ec44e000-7587ecfe7000 rw-p 00000000 00:00 0 
7587ecfe7000-7587ecfe8000 ---p 00000000 00:00 0 
7587ecfe8000-7587ed0e8000 rw-p 00000000 00:00 0 
7587ed0e8000-7587ed0e9000 ---p 00000000 00:00 0 
7587ed0e9000-7587ed1e9000 rw-p 00000000 00:00 0 
7587ed1e9000-7587ed1ea000 ---p 00000000 00:00 0 
7587ed1ea000-7587ed459000 rw-p 00000000 00:00 0 
7587ed459000-7587edaa6000 ---p 00000000 00:00 0 
7587edaa6000-7587edc15000 rw-p 00000000 00:00 0 
7587edc15000-7587ee261000 ---p 00000000 00:00 0 
7587ee261000-7587ee5c6000 rw-p 00000000 00:00 0 
7587ee5c6000-7587ee630000 rw-p 00000000 00:00 0 
7587ee630000-7587ee63f000 ---p 00000000 00:00 0 
7587ee63f000-7587ee78f000 rw-p 00000000 00:00 0 
7587ee78f000-7587eea00000 ---p 00000000 00:00 0 
7587eea00000-7587eea1b000 r-xp 00000000 fc:00 8786340                    /home/kasun/.sdkman/candidates/java/8.0.382-amzn/jre/lib/amd64/libzip.so
7587eea1b000-7587eec1b000 ---p 0001b000 fc:00 8786340                    /home/kasun/.sdkman/candidates/java/8.0.382-amzn/jre/lib/amd64/libzip.so
7587eec1b000-7587eec1c000 r--p 0001b000 fc:00 8786340                    /home/kasun/.sdkman/candidates/java/8.0.382-amzn/jre/lib/amd64/libzip.so
7587eec1c000-7587eec1d000 rw-p 0001c000 fc:00 8786340                    /home/kasun/.sdkman/candidates/java/8.0.382-amzn/jre/lib/amd64/libzip.so
7587eec1d000-7587eec1f000 r--s 0001d000 fc:00 12087753                   /home/kasun/.m2/repository/org/ow2/asm/asm/9.6/asm-9.6.jar
7587eec1f000-7587eec21000 r--p 00000000 fc:00 11168193                   /usr/lib/x86_64-linux-gnu/libbz2.so.1.0.4
7587eec21000-7587eec2e000 r-xp 00002000 fc:00 11168193                   /usr/lib/x86_64-linux-gnu/libbz2.so.1.0.4
7587eec2e000-7587eec30000 r--p 0000f000 fc:00 11168193                   /usr/lib/x86_64-linux-gnu/libbz2.so.1.0.4
7587eec30000-7587eec31000 r--p 00010000 fc:00 11168193                   /usr/lib/x86_64-linux-gnu/libbz2.so.1.0.4
7587eec31000-7587eec32000 rw-p 00011000 fc:00 11168193                   /usr/lib/x86_64-linux-gnu/libbz2.so.1.0.4
7587eec32000-7587eec34000 r--p 00000000 fc:00 11168430                   /usr/lib/x86_64-linux-gnu/libffi.so.8.1.0
7587eec34000-7587eec3b000 r-xp 00002000 fc:00 11168430                   /usr/lib/x86_64-linux-gnu/libffi.so.8.1.0
7587eec3b000-7587eec3c000 r--p 00009000 fc:00 11168430                   /usr/lib/x86_64-linux-gnu/libffi.so.8.1.0
7587eec3c000-7587eec3d000 ---p 0000a000 fc:00 11168430                   /usr/lib/x86_64-linux-gnu/libffi.so.8.1.0
7587eec3d000-7587eec3e000 r--p 0000a000 fc:00 11168430                   /usr/lib/x86_64-linux-gnu/libffi.so.8.1.0
7587eec3e000-7587eec3f000 rw-p 0000b000 fc:00 11168430                   /usr/lib/x86_64-linux-gnu/libffi.so.8.1.0
7587eec3f000-7587eec47000 r--p 00000000 fc:00 11141349                   /usr/lib/x86_64-linux-gnu/libmount.so.1.1.0
7587eec47000-7587eec73000 r-xp 00008000 fc:00 11141349                   /usr/lib/x86_64-linux-gnu/libmount.so.1.1.0
7587eec73000-7587eec80000 r--p 00034000 fc:00 11141349                   /usr/lib/x86_64-linux-gnu/libmount.so.1.1.0
7587eec80000-7587eec81000 ---p 00041000 fc:00 11141349                   /usr/lib/x86_64-linux-gnu/libmount.so.1.1.0
7587eec81000-7587eec82000 r--p 00041000 fc:00 11141349                   /usr/lib/x86_64-linux-gnu/libmount.so.1.1.0
7587eec82000-7587eec83000 rw-p 00042000 fc:00 11141349                   /usr/lib/x86_64-linux-gnu/libmount.so.1.1.0
7587eec83000-7587eec85000 r--p 00000000 fc:00 11169535                   /usr/lib/x86_64-linux-gnu/libz.so.1.2.11
7587eec85000-7587eec96000 r-xp 00002000 fc:00 11169535                   /usr/lib/x86_64-linux-gnu/libz.so.1.2.11
7587eec96000-7587eec9c000 r--p 00013000 fc:00 11169535                   /usr/lib/x86_64-linux-gnu/libz.so.1.2.11
7587eec9c000-7587eec9d000 ---p 00019000 fc:00 11169535                   /usr/lib/x86_64-linux-gnu/libz.so.1.2.11
7587eec9d000-7587eec9e000 r--p 00019000 fc:00 11169535                   /usr/lib/x86_64-linux-gnu/libz.so.1.2.11
7587eec9e000-7587eec9f000 rw-p 0001a000 fc:00 11169535                   /usr/lib/x86_64-linux-gnu/libz.so.1.2.11
7587eec9f000-7587eecae000 r--p 00000000 fc:00 11141602                   /usr/lib/x86_64-linux-gnu/libgobject-2.0.so.0.7200.4
7587eecae000-7587eece1000 r-xp 0000f000 fc:00 11141602                   /usr/lib/x86_64-linux-gnu/libgobject-2.0.so.0.7200.4
7587eece1000-7587eecfb000 r--p 00042000 fc:00 11141602                   /usr/lib/x86_64-linux-gnu/libgobject-2.0.so.0.7200.4
7587eecfb000-7587eecfe000 r--p 0005b000 fc:00 11141602                   /usr/lib/x86_64-linux-gnu/libgobject-2.0.so.0.7200.4
7587eecfe000-7587eecff000 rw-p 0005e000 fc:00 11141602                   /usr/lib/x86_64-linux-gnu/libgobject-2.0.so.0.7200.4
7587eecff000-7587eed00000 ---p 00000000 00:00 0 
7587eed00000-7587eee00000 rw-p 00000000 00:00 0 
7587eee00000-7587ef373000 r--p 00000000 fc:00 11141347                   /usr/lib/locale/locale-archive
7587ef373000-7587ef374000 r--s 00006000 fc:00 10770493                   /home/kasun/.m2/repository/org/apache/maven/plugins/maven-enforcer-plugin/3.0.0/maven-enforcer-plugin-3.0.0.jar
7587ef374000-7587ef376000 r--s 0000d000 fc:00 12339360                   /home/kasun/.m2/repository/org/apache/maven/shared/maven-common-artifact-filters/3.1.1/maven-common-artifact-filters-3.1.1.jar
7587ef376000-7587ef377000 r--s 00001000 fc:00 13380888                   /home/kasun/.m2/repository/org/apache/maven/surefire/surefire-extensions-spi/3.2.5/surefire-extensions-spi-3.2.5.jar
7587ef377000-7587ef37a000 r--s 0001a000 fc:00 12087750                   /home/kasun/.m2/repository/org/apache/maven/surefire/surefire-booter/3.2.5/surefire-booter-3.2.5.jar
7587ef37a000-7587ef37f000 r--s 00025000 fc:00 12087747                   /home/kasun/.m2/repository/org/apache/maven/surefire/surefire-api/3.2.5/surefire-api-3.2.5.jar
7587ef37f000-7587ef381000 r--p 00000000 fc:00 11141573                   /usr/lib/x86_64-linux-gnu/libgmodule-2.0.so.0.7200.4
7587ef381000-7587ef383000 r-xp 00002000 fc:00 11141573                   /usr/lib/x86_64-linux-gnu/libgmodule-2.0.so.0.7200.4
7587ef383000-7587ef384000 r--p 00004000 fc:00 11141573                   /usr/lib/x86_64-linux-gnu/libgmodule-2.0.so.0.7200.4
7587ef384000-7587ef385000 r--p 00004000 fc:00 11141573                   /usr/lib/x86_64-linux-gnu/libgmodule-2.0.so.0.7200.4
7587ef385000-7587ef386000 rw-p 00005000 fc:00 11141573                   /usr/lib/x86_64-linux-gnu/libgmodule-2.0.so.0.7200.4
7587ef386000-7587ef388000 r--s 00005000 fc:00 13380889                   /home/kasun/.m2/repository/org/apache/maven/surefire/surefire-extensions-api/3.2.5/surefire-extensions-api-3.2.5.jar
7587ef388000-7587ef38a000 r--s 00002000 fc:00 12087748                   /home/kasun/.m2/repository/org/apache/maven/surefire/surefire-logger-api/3.2.5/surefire-logger-api-3.2.5.jar
7587ef38a000-7587ef391000 r--s 00045000 fc:00 12087745                   /home/kasun/.m2/repository/org/apache/maven/surefire/maven-surefire-common/3.2.5/maven-surefire-common-3.2.5.jar
7587ef391000-7587ef392000 r--s 0000a000 fc:00 12087701                   /home/kasun/.m2/repository/org/apache/maven/plugins/maven-surefire-plugin/3.2.5/maven-surefire-plugin-3.2.5.jar
7587ef392000-7587ef395000 r--p 00000000 fc:00 11674355                   /usr/share/locale-langpack/en_GB/LC_MESSAGES/glib20.mo
7587ef395000-7587ef396000 r--p 00000000 fc:00 11681580                   /usr/share/locale-langpack/en_GB/LC_MESSAGES/libc.mo
7587ef396000-7587ef39c000 r--s 00033000 fc:00 12073085                   /home/kasun/.m2/repository/ch/qos/logback/logback-classic/1.2.11/logback-classic-1.2.11.jar
7587ef39c000-7587ef3a6000 r--s 00064000 fc:00 12073084                   /home/kasun/.m2/repository/ch/qos/logback/logback-core/1.2.11/logback-core-1.2.11.jar
7587ef3a6000-7587ef3a8000 r--s 0000d000 fc:00 10767560                   /home/kasun/.m2/repository/org/codehaus/plexus/plexus-interpolation/1.15/plexus-interpolation-1.15.jar
7587ef3a8000-7587ef3ac000 r--s 00039000 fc:00 10777915                   /home/kasun/.m2/repository/org/codehaus/plexus/plexus-utils/3.0.24/plexus-utils-3.0.24.jar
7587ef3ac000-7587ef3ae000 r--s 0000b000 fc:00 10767559                   /home/kasun/.m2/repository/org/fusesource/hawtbuf/hawtbuf/1.9/hawtbuf-1.9.jar
7587ef3ae000-7587ef3af000 r--s 00006000 fc:00 10767558                   /home/kasun/.m2/repository/org/fusesource/hawtbuf/hawtbuf-proto/1.9/hawtbuf-proto-1.9.jar
7587ef3af000-7587ef3b3000 r--s 0001a000 fc:00 10767557                   /home/kasun/.m2/repository/org/sonatype/spice/zapper/spice-zapper/1.3/spice-zapper-1.3.jar
7587ef3b3000-7587ef3bb000 r--s 00049000 fc:00 12060469                   /home/kasun/.m2/repository/org/apache/httpcomponents/httpcore/4.4.15/httpcore-4.4.15.jar
7587ef3bb000-7587ef3c2000 r--s 00050000 fc:00 10771068                   /home/kasun/.m2/repository/commons-codec/commons-codec/1.15/commons-codec-1.15.jar
7587ef3c2000-7587ef3cf000 r--s 000b2000 fc:00 10773910                   /home/kasun/.m2/repository/org/apache/httpcomponents/httpclient/4.5.13/httpclient-4.5.13.jar
7587ef3cf000-7587ef3d1000 r--s 00009000 fc:00 10774052                   /home/kasun/.m2/repository/jakarta/activation/jakarta.activation-api/1.2.1/jakarta.activation-api-1.2.1.jar
7587ef3d1000-7587ef3d5000 r--s 00019000 fc:00 10776240                   /home/kasun/.m2/repository/jakarta/xml/bind/jakarta.xml.bind-api/2.3.3/jakarta.xml.bind-api-2.3.3.jar
7587ef3d5000-7587ef3d6000 r--s 00008000 fc:00 12073078                   /home/kasun/.m2/repository/com/fasterxml/jackson/module/jackson-module-jaxb-annotations/2.13.2/jackson-module-jaxb-annotations-2.13.2.jar
7587ef3d6000-7587ef3d8000 r--s 00006000 fc:00 12073077                   /home/kasun/.m2/repository/com/fasterxml/jackson/jaxrs/jackson-jaxrs-base/2.13.2/jackson-jaxrs-base-2.13.2.jar
7587ef3d8000-7587ef3d9000 r--s 00003000 fc:00 12073075                   /home/kasun/.m2/repository/com/fasterxml/jackson/jaxrs/jackson-jaxrs-json-provider/2.13.2/jackson-jaxrs-json-provider-2.13.2.jar
7587ef3d9000-7587ef3f0000 r--s 00160000 fc:00 12073074                   /home/kasun/.m2/repository/com/fasterxml/jackson/core/jackson-databind/2.13.2.2/jackson-databind-2.13.2.2.jar
7587ef3f0000-7587ef3f5000 r--s 00057000 fc:00 12073076                   /home/kasun/.m2/repository/com/fasterxml/jackson/core/jackson-core/2.13.2/jackson-core-2.13.2.jar
7587ef3f5000-7587ef3f8000 r--s 00010000 fc:00 12073068                   /home/kasun/.m2/repository/com/fasterxml/jackson/core/jackson-annotations/2.13.2/jackson-annotations-2.13.2.jar
7587ef3f8000-7587ef3f9000 r--s 00001000 fc:00 12073067                   /home/kasun/.m2/repository/org/sonatype/sisu/siesta/siesta-jackson/1.8/siesta-jackson-1.8.jar
7587ef3f9000-7587ef3fc000 r--s 0001d000 fc:00 10767527                   /home/kasun/.m2/repository/com/sun/jersey/jersey-client/1.17.1/jersey-client-1.17.1.jar
7587ef3fc000-7587ef400000 r--s 0000c000 fc:00 10767525                   /home/kasun/.m2/repository/javax/validation/validation-api/1.1.0.Final/validation-api-1.1.0.Final.jar
7587ef400000-7587ef40a000 r-xp 00000000 fc:00 8786362                    /home/kasun/.sdkman/candidates/java/8.0.382-amzn/jre/lib/amd64/libinstrument.so
7587ef40a000-7587ef609000 ---p 0000a000 fc:00 8786362                    /home/kasun/.sdkman/candidates/java/8.0.382-amzn/jre/lib/amd64/libinstrument.so
7587ef609000-7587ef60a000 r--p 00009000 fc:00 8786362                    /home/kasun/.sdkman/candidates/java/8.0.382-amzn/jre/lib/amd64/libinstrument.so
7587ef60a000-7587ef60b000 rw-p 0000a000 fc:00 8786362                    /home/kasun/.sdkman/candidates/java/8.0.382-amzn/jre/lib/amd64/libinstrument.so
7587ef60b000-7587ef60c000 r--s 00003000 fc:00 10767528                   /home/kasun/.m2/repository/com/sun/jersey/contribs/jersey-apache-client4/1.17.1/jersey-apache-client4-1.17.1.jar
7587ef60c000-7587ef617000 r--s 00068000 fc:00 10767526                   /home/kasun/.m2/repository/com/sun/jersey/jersey-core/1.17.1/jersey-core-1.17.1.jar
7587ef617000-7587ef619000 r--s 0000a000 fc:00 10767519                   /home/kasun/.m2/repository/javax/ws/rs/jsr311-api/1.1.1/jsr311-api-1.1.1.jar
7587ef619000-7587ef61a000 r--s 00002000 fc:00 12073065                   /home/kasun/.m2/repository/org/sonatype/sisu/siesta/siesta-common/1.8/siesta-common-1.8.jar
7587ef61a000-7587ef61b000 r--s 00004000 fc:00 12073066                   /home/kasun/.m2/repository/org/sonatype/sisu/siesta/siesta-client/1.8/siesta-client-1.8.jar
7587ef61b000-7587ef628000 r--s 00083000 fc:00 10774027                   /home/kasun/.m2/repository/commons-collections/commons-collections/3.2.2/commons-collections-3.2.2.jar
7587ef628000-7587ef62d000 r--s 00038000 fc:00 10774023                   /home/kasun/.m2/repository/commons-beanutils/commons-beanutils/1.9.4/commons-beanutils-1.9.4.jar
7587ef62d000-7587ef632000 r--s 00041000 fc:00 10767514                   /home/kasun/.m2/repository/commons-lang/commons-lang/2.6/commons-lang-2.6.jar
7587ef632000-7587ef642000 r--s 0007d000 fc:00 10767510                   /home/kasun/.m2/repository/joda-time/joda-time/2.2/joda-time-2.2.jar
7587ef642000-7587ef643000 r--s 00001000 fc:00 10767507                   /home/kasun/.m2/repository/xmlpull/xmlpull/1.1.3.1/xmlpull-1.1.3.1.jar
7587ef643000-7587ef645000 r--s 00006000 fc:00 10773882                   /home/kasun/.m2/repository/io/github/x-stream/mxparser/1.2.2/mxparser-1.2.2.jar
7587ef645000-7587ef654000 r--s 0008c000 fc:00 12073064                   /home/kasun/.m2/repository/com/thoughtworks/xstream/xstream/1.4.19/xstream-1.4.19.jar
7587ef654000-7587ef65a000 r--s 00040000 fc:00 12061025                   /home/kasun/.m2/repository/commons-io/commons-io/2.8.0/commons-io-2.8.0.jar
7587ef65a000-7587ef65b000 r--s 00002000 fc:00 10767501                   /home/kasun/.m2/repository/com/intellij/annotations/9.0.4/annotations-9.0.4.jar
7587ef65b000-7587ef65d000 r--s 00006000 fc:00 10767497                   /home/kasun/.m2/repository/com/google/code/findbugs/jsr305/2.0.1/jsr305-2.0.1.jar
7587ef65d000-7587ef663000 r--s 00022000 fc:00 12073056                   /home/kasun/.m2/repository/org/sonatype/nexus/plugins/nexus-restlet1x-model/2.15.1-02/nexus-restlet1x-model-2.15.1-02.jar
7587ef663000-7587ef66a000 r--s 0002e000 fc:00 12073057                   /home/kasun/.m2/repository/org/sonatype/nexus/nexus-client-core/2.15.1-02/nexus-client-core-2.15.1-02.jar
7587ef66a000-7587ef66b000 r--s 00003000 fc:00 10780853                   /home/kasun/.m2/repository/org/apache/maven/plugin-tools/maven-plugin-annotations/3.2/maven-plugin-annotations-3.2.jar
7587ef66b000-7587ef66d000 r--s 00000000 fc:00 10780847                   /home/kasun/.m2/repository/org/codehaus/plexus/plexus-component-annotations/1.5.5/plexus-component-annotations-1.5.5.jar
7587ef66d000-7587ef671000 r--s 0001c000 fc:00 10776259                   /home/kasun/.m2/repository/org/sonatype/aether/aether-util/1.13.1/aether-util-1.13.1.jar
7587ef671000-7587ef679000 r--s 00050000 fc:00 10771087                   /home/kasun/.m2/repository/org/sonatype/sisu/sisu-guice/3.1.0/sisu-guice-3.1.0-no_aop.jar
7587ef679000-7587ef680000 r--s 00040000 fc:00 11951237                   /home/kasun/.m2/repository/org/sonatype/sisu/sisu-inject-bean/2.3.0/sisu-inject-bean-2.3.0.jar
7587ef680000-7587ef6a9000 r--s 001ee000 fc:00 10767490                   /home/kasun/.m2/repository/com/google/guava/guava/14.0.1/guava-14.0.1.jar
7587ef6a9000-7587ef6ab000 r--s 00002000 fc:00 10767487                   /home/kasun/.m2/repository/org/sonatype/plexus/plexus-cipher/1.7/plexus-cipher-1.7.jar
7587ef6ab000-7587ef6ac000 r--s 00006000 fc:00 10767488                   /home/kasun/.m2/repository/org/sonatype/plexus/plexus-sec-dispatcher/1.4/plexus-sec-dispatcher-1.4.jar
7587ef6ac000-7587ef6ad000 r--s 00003000 fc:00 12073054                   /home/kasun/.m2/repository/org/sonatype/nexus/maven/nexus-common/1.6.13/nexus-common-1.6.13.jar
7587ef6ad000-7587ef6b4000 r--s 00037000 fc:00 12073052                   /home/kasun/.m2/repository/org/sonatype/plugins/nexus-staging-maven-plugin/1.6.13/nexus-staging-maven-plugin-1.6.13.jar
7587ef6b4000-7587ef6bc000 r--s 00049000 fc:00 11961216                   /home/kasun/.m2/repository/org/apache/httpcomponents/httpcore/4.4.16/httpcore-4.4.16.jar
7587ef6bc000-7587ef6c9000 r--s 000b3000 fc:00 11961215                   /home/kasun/.m2/repository/org/apache/httpcomponents/httpclient/4.5.14/httpclient-4.5.14.jar
7587ef6c9000-7587ef6cb000 r--s 00003000 fc:00 11960825                   /home/kasun/.m2/repository/org/slf4j/jcl-over-slf4j/1.7.36/jcl-over-slf4j-1.7.36.jar
7587ef6cb000-7587ef6d2000 r--s 0003f000 fc:00 11803621                   /home/kasun/.m2/repository/commons-codec/commons-codec/1.10/commons-codec-1.10.jar
7587ef6d2000-7587ef6db000 r--s 00051000 fc:00 11803624                   /home/kasun/.m2/repository/org/apache/jackrabbit/jackrabbit-webdav/2.14.4/jackrabbit-webdav-2.14.4.jar
7587ef6db000-7587ef6dc000 r--s 00009000 fc:00 11803622                   /home/kasun/.m2/repository/org/apache/maven/wagon/wagon-http-shared/3.5.3/wagon-http-shared-3.5.3.jar
7587ef6dc000-7587ef6dd000 r--s 00004000 fc:00 11803620                   /home/kasun/.m2/repository/org/apache/maven/wagon/wagon-webdav-jackrabbit/3.5.3/wagon-webdav-jackrabbit-3.5.3.jar
7587ef6dd000-7587ef6df000 r--s 00003000 fc:00 10773973                   /home/kasun/.m2/repository/com/google/code/findbugs/jsr305/3.0.2/jsr305-3.0.2.jar
7587ef6df000-7587ef6e3000 r--s 0003e000 fc:00 10772601                   /home/kasun/.m2/repository/org/codehaus/plexus/plexus-utils/3.5.1/plexus-utils-3.5.1.jar
7587ef6e3000-7587ef6e9000 r--s 0004a000 fc:00 10771129                   /home/kasun/.m2/repository/commons-io/commons-io/2.11.0/commons-io-2.11.0.jar
7587ef6e9000-7587ef6f3000 r--s 00086000 fc:00 10771128                   /home/kasun/.m2/repository/org/apache/commons/commons-lang3/3.12.0/commons-lang3-3.12.0.jar
7587ef6f3000-7587ef6f6000 r--s 00039000 fc:00 11803632                   /home/kasun/.m2/repository/com/github/albfernandez/juniversalchardet/2.4.0/juniversalchardet-2.4.0.jar
7587ef6f6000-7587ef6f9000 r--s 00014000 fc:00 11803623                   /home/kasun/.m2/repository/net/openhft/zero-allocation-hashing/0.16/zero-allocation-hashing-0.16.jar
7587ef6f9000-7587ef6ff000 r--s 00040000 fc:00 12716593                   /home/kasun/.m2/repository/org/apache/maven/extensions/maven-build-cache-extension/1.1.0-SONATYPE/maven-build-cache-extension-1.1.0-SONATYPE.jar
7587ef6ff000-7587ef700000 ---p 00000000 00:00 0 
7587ef700000-7587ef800000 rw-p 00000000 00:00 0 
7587ef800000-7587ef82a000 r-xp 00000000 fc:00 8786330                    /home/kasun/.sdkman/candidates/java/8.0.382-amzn/jre/lib/amd64/libjava.so
7587ef82a000-7587efa29000 ---p 0002a000 fc:00 8786330                    /home/kasun/.sdkman/candidates/java/8.0.382-amzn/jre/lib/amd64/libjava.so
7587efa29000-7587efa2a000 r--p 00029000 fc:00 8786330                    /home/kasun/.sdkman/candidates/java/8.0.382-amzn/jre/lib/amd64/libjava.so
7587efa2a000-7587efa2c000 rw-p 0002a000 fc:00 8786330                    /home/kasun/.sdkman/candidates/java/8.0.382-amzn/jre/lib/amd64/libjava.so
7587efa2c000-7587efa34000 rw-s 00000000 fc:00 10651617                   /home/kasun/.m2/mvnd/registry/1.0-m8/registry.bin
7587efa34000-7587efa45000 r--s 001c5000 fc:00 8786374                    /home/kasun/.sdkman/candidates/java/8.0.382-amzn/jre/lib/jsse.jar
7587efa45000-7587efa4f000 r--s 00086000 fc:00 9996333                    /home/kasun/.sdkman/candidates/mvnd/1.0-m8-m39/mvn/lib/commons-lang3-3.12.0.jar
7587efa4f000-7587efa50000 r--s 00002000 fc:00 9996380                    /home/kasun/.sdkman/candidates/mvnd/1.0-m8-m39/mvn/lib/wagon-file-3.5.3.jar
7587efa50000-7587efa84000 r--s 002b2000 fc:00 9996320                    /home/kasun/.sdkman/candidates/mvnd/1.0-m8-m39/mvn/lib/guava-32.0.1-jre.jar
7587efa84000-7587efa88000 r--s 0003e000 fc:00 9996383                    /home/kasun/.sdkman/candidates/mvnd/1.0-m8-m39/mvn/lib/plexus-utils-3.5.1.jar
7587efa88000-7587efa8a000 r--s 00000000 fc:00 9996382                    /home/kasun/.sdkman/candidates/mvnd/1.0-m8-m39/mvn/lib/aopalliance-1.0.jar
7587efa8a000-7587efa8c000 r--s 00000000 fc:00 9996370                    /home/kasun/.sdkman/candidates/mvnd/1.0-m8-m39/mvn/lib/failureaccess-1.0.1.jar
7587efa8c000-7587efa8d000 r--s 00000000 fc:00 9996351                    /home/kasun/.sdkman/candidates/mvnd/1.0-m8-m39/mvn/lib/javax.inject-1.jar
7587efa8d000-7587efa9a000 r--s 000b1000 fc:00 9996319                    /home/kasun/.sdkman/candidates/mvnd/1.0-m8-m39/mvn/lib/guice-5.1.0.jar
7587efa9a000-7587efaa7000 r--s 000b3000 fc:00 9996386                    /home/kasun/.sdkman/candidates/mvnd/1.0-m8-m39/mvn/lib/httpclient-4.5.14.jar
7587efaa7000-7587efaa9000 r--s 0000a000 fc:00 9996369                    /home/kasun/.sdkman/candidates/mvnd/1.0-m8-m39/mvn/lib/mvnd-logging-1.0-m8.jar
7587efaa9000-7587efab0000 r--s 00056000 fc:00 9996350                    /home/kasun/.sdkman/candidates/mvnd/1.0-m8-m39/mvn/lib/org.eclipse.sisu.inject-0.3.5.jar
7587efab0000-7587efab3000 r--s 00012000 fc:00 9996322                    /home/kasun/.sdkman/candidates/mvnd/1.0-m8-m39/mvn/lib/plexus-interpolation-1.26.jar
7587efab3000-7587efab9000 r--s 0002d000 fc:00 9996362                    /home/kasun/.sdkman/candidates/mvnd/1.0-m8-m39/mvn/lib/org.eclipse.sisu.plexus-0.3.5.jar
7587efab9000-7587efac1000 r--s 00049000 fc:00 9996376                    /home/kasun/.sdkman/candidates/mvnd/1.0-m8-m39/mvn/lib/httpcore-4.4.16.jar
7587efac1000-7587efac9000 r--s 00051000 fc:00 9996321                    /home/kasun/.sdkman/candidates/mvnd/1.0-m8-m39/mvn/lib/commons-codec-1.16.0.jar
7587efac9000-7587efaca000 r--s 00005000 fc:00 9996343                    /home/kasun/.sdkman/candidates/mvnd/1.0-m8-m39/mvn/lib/plexus-sec-dispatcher-2.0.jar
7587efaca000-7587efacc000 r--s 00001000 fc:00 9996363                    /home/kasun/.sdkman/candidates/mvnd/1.0-m8-m39/mvn/lib/wagon-http-3.5.3.jar
7587efacc000-7587eface000 r--s 0000d000 fc:00 9996346                    /home/kasun/.sdkman/candidates/mvnd/1.0-m8-m39/mvn/lib/commons-cli-1.5.0.jar
7587eface000-7587efad0000 r--s 00000000 fc:00 9996318                    /home/kasun/.sdkman/candidates/mvnd/1.0-m8-m39/mvn/lib/plexus-component-annotations-2.1.0.jar
7587efad0000-7587efad2000 r--s 00009000 fc:00 9996373                    /home/kasun/.sdkman/candidates/mvnd/1.0-m8-m39/mvn/lib/slf4j-api-1.7.36.jar
7587efad2000-7587efad4000 r--s 00002000 fc:00 9996316                    /home/kasun/.sdkman/candidates/mvnd/1.0-m8-m39/mvn/lib/plexus-cipher-2.0.jar
7587efad4000-7587efad6000 r--s 0000c000 fc:00 9996353                    /home/kasun/.sdkman/candidates/mvnd/1.0-m8-m39/mvn/lib/wagon-provider-api-3.5.3.jar
7587efad6000-7587efad8000 r--s 00000000 fc:00 9996375                    /home/kasun/.sdkman/candidates/mvnd/1.0-m8-m39/mvn/lib/jul-to-slf4j-1.7.36.jar
7587efad8000-7587efadb000 r--s 00033000 fc:00 9996324                    /home/kasun/.sdkman/candidates/mvnd/1.0-m8-m39/mvn/lib/jansi-2.4.0.jar
7587efadb000-7587efadd000 r--s 00005000 fc:00 9996325                    /home/kasun/.sdkman/candidates/mvnd/1.0-m8-m39/mvn/lib/javax.annotation-api-1.3.2.jar
7587efadd000-7587efadf000 r--s 00003000 fc:00 9996308                    /home/kasun/.sdkman/candidates/mvnd/1.0-m8-m39/mvn/lib/jcl-over-slf4j-1.7.36.jar
7587efadf000-7587efae2000 r--s 0000a000 fc:00 9996348                    /home/kasun/.sdkman/candidates/mvnd/1.0-m8-m39/mvn/lib/maven-resolver-spi-1.9.16.jar
7587efae2000-7587efae7000 r--s 0002c000 fc:00 9996384                    /home/kasun/.sdkman/candidates/mvnd/1.0-m8-m39/mvn/lib/maven-model-builder-3.9.5.jar
7587efae7000-7587efaeb000 r--s 00032000 fc:00 9996378                    /home/kasun/.sdkman/candidates/mvnd/1.0-m8-m39/mvn/lib/maven-model-3.9.5.jar
7587efaeb000-7587efaf9000 r--s 0009d000 fc:00 9996344                    /home/kasun/.sdkman/candidates/mvnd/1.0-m8-m39/mvn/lib/maven-core-3.9.5.jar
7587efaf9000-7587efaff000 r--s 00041000 fc:00 9996379                    /home/kasun/.sdkman/candidates/mvnd/1.0-m8-m39/mvn/lib/maven-compat-3.9.5.jar
7587efaff000-7587efb00000 ---p 00000000 00:00 0 
7587efb00000-7587efc00000 rw-p 00000000 00:00 0 
7587efc00000-7587efc0d000 r-xp 00000000 fc:00 8786364                    /home/kasun/.sdkman/candidates/java/8.0.382-amzn/jre/lib/amd64/libverify.so
7587efc0d000-7587efe0c000 ---p 0000d000 fc:00 8786364                    /home/kasun/.sdkman/candidates/java/8.0.382-amzn/jre/lib/amd64/libverify.so
7587efe0c000-7587efe0e000 r--p 0000c000 fc:00 8786364                    /home/kasun/.sdkman/candidates/java/8.0.382-amzn/jre/lib/amd64/libverify.so
7587efe0e000-7587efe0f000 rw-p 0000e000 fc:00 8786364                    /home/kasun/.sdkman/candidates/java/8.0.382-amzn/jre/lib/amd64/libverify.so
7587efe0f000-7587efe10000 r--s 00009000 fc:00 9996323                    /home/kasun/.sdkman/candidates/mvnd/1.0-m8-m39/mvn/lib/wagon-http-shared-3.5.3.jar
7587efe10000-7587efe12000 r--s 00008000 fc:00 9996328                    /home/kasun/.sdkman/candidates/mvnd/1.0-m8-m39/mvn/lib/maven-resolver-named-locks-1.9.16.jar
7587efe12000-7587efe13000 r--s 00003000 fc:00 9996358                    /home/kasun/.sdkman/candidates/mvnd/1.0-m8-m39/mvn/lib/maven-builder-support-3.9.5.jar
7587efe13000-7587efe14000 r--s 00003000 fc:00 9996357                    /home/kasun/.sdkman/candidates/mvnd/1.0-m8-m39/mvn/lib/maven-resolver-transport-file-1.9.16.jar
7587efe14000-7587efe1b000 r--s 00047000 fc:00 9996377                    /home/kasun/.sdkman/candidates/mvnd/1.0-m8-m39/mvn/lib/maven-resolver-impl-1.9.16.jar
7587efe1b000-7587efeb1000 r--s 007cf000 fc:00 8786298                    /home/kasun/.sdkman/candidates/java/8.0.382-amzn/jre/lib/ext/jfxrt.jar
7587efeb1000-7587efeff000 rw-p 00000000 00:00 0 
7587efeff000-7587eff00000 ---p 00000000 00:00 0 
7587eff00000-7587f0000000 rw-p 00000000 00:00 0 
7587f0000000-7587f0d65000 r-xp 00000000 fc:00 8786325                    /home/kasun/.sdkman/candidates/java/8.0.382-amzn/jre/lib/amd64/server/libjvm.so
7587f0d65000-7587f0f64000 ---p 00d65000 fc:00 8786325                    /home/kasun/.sdkman/candidates/java/8.0.382-amzn/jre/lib/amd64/server/libjvm.so
7587f0f64000-7587f0ffb000 r--p 00d64000 fc:00 8786325                    /home/kasun/.sdkman/candidates/java/8.0.382-amzn/jre/lib/amd64/server/libjvm.so
7587f0ffb000-7587f1024000 rw-p 00dfb000 fc:00 8786325                    /home/kasun/.sdkman/candidates/java/8.0.382-amzn/jre/lib/amd64/server/libjvm.so
7587f1024000-7587f1057000 rw-p 00000000 00:00 0 
7587f1057000-7587f1059000 r--s 0000a000 fc:00 9996364                    /home/kasun/.sdkman/candidates/mvnd/1.0-m8-m39/mvn/lib/maven-plugin-api-3.9.5.jar
7587f1059000-7587f105c000 r--s 0000c000 fc:00 9996329                    /home/kasun/.sdkman/candidates/mvnd/1.0-m8-m39/mvn/lib/maven-artifact-3.9.5.jar
7587f105c000-7587f1061000 r--s 00022000 fc:00 9996331                    /home/kasun/.sdkman/candidates/mvnd/1.0-m8-m39/mvn/lib/maven-resolver-api-1.9.16.jar
7587f1061000-7587f1064000 r--s 00010000 fc:00 9996381                    /home/kasun/.sdkman/candidates/mvnd/1.0-m8-m39/mvn/lib/maven-resolver-provider-3.9.5.jar
7587f1064000-7587f1069000 r--s 0002b000 fc:00 9996359                    /home/kasun/.sdkman/candidates/mvnd/1.0-m8-m39/mvn/lib/maven-resolver-util-1.9.16.jar
7587f1069000-7587f106b000 r--s 0000c000 fc:00 9996355                    /home/kasun/.sdkman/candidates/mvnd/1.0-m8-m39/mvn/lib/maven-resolver-transport-http-1.9.16.jar
7587f106b000-7587f106c000 r--s 00006000 fc:00 9996387                    /home/kasun/.sdkman/candidates/mvnd/1.0-m8-m39/mvn/lib/maven-repository-metadata-3.9.5.jar
7587f106c000-7587f1070000 r--s 00022000 fc:00 9996347                    /home/kasun/.sdkman/candidates/mvnd/1.0-m8-m39/mvn/lib/maven-shared-utils-3.3.4.jar
7587f1070000-7587f1071000 r--s 00009000 fc:00 9996371                    /home/kasun/.sdkman/candidates/mvnd/1.0-m8-m39/mvn/lib/maven-resolver-connector-basic-1.9.16.jar
7587f1071000-7587f1073000 r--s 00009000 fc:00 9996356                    /home/kasun/.sdkman/candidates/mvnd/1.0-m8-m39/mvn/lib/maven-settings-builder-3.9.5.jar
7587f1073000-7587f1076000 r--s 00018000 fc:00 9996385                    /home/kasun/.sdkman/candidates/mvnd/1.0-m8-m39/mvn/lib/maven-embedder-3.9.5.jar
7587f1076000-7587f1077000 r--s 0000a000 fc:00 9996342                    /home/kasun/.sdkman/candidates/mvnd/1.0-m8-m39/mvn/lib/maven-settings-3.9.5.jar
7587f1077000-7587f1079000 r--s 00011000 fc:00 10651607                   /home/kasun/.sdkman/candidates/mvnd/1.0-m8-m39/mvn/lib/mvnd/mvnd-client-1.0-m8.jar
7587f1079000-7587f107b000 r--s 0000a000 fc:00 10651603                   /home/kasun/.sdkman/candidates/mvnd/1.0-m8-m39/mvn/lib/mvnd/jline-terminal-jansi-3.24.0.jar
7587f107b000-7587f107d000 r--s 0000d000 fc:00 10651608                   /home/kasun/.sdkman/candidates/mvnd/1.0-m8-m39/mvn/lib/mvnd/mvnd-daemon-m39-1.0-m8.jar
7587f107d000-7587f107f000 r--s 0001a000 fc:00 10651612                   /home/kasun/.sdkman/candidates/mvnd/1.0-m8-m39/mvn/lib/mvnd/mvnd-native-1.0-m8.jar
7587f107f000-7587f1081000 r--s 00001000 fc:00 10651604                   /home/kasun/.sdkman/candidates/mvnd/1.0-m8-m39/mvn/lib/mvnd/plexus-interactivity-api-1.0.jar
7587f1081000-7587f1085000 r--s 0003c000 fc:00 10651606                   /home/kasun/.sdkman/candidates/mvnd/1.0-m8-m39/mvn/lib/mvnd/jline-terminal-3.24.0.jar
7587f1085000-7587f1089000 r--s 0001c000 fc:00 10651605                   /home/kasun/.sdkman/candidates/mvnd/1.0-m8-m39/mvn/lib/mvnd/mvnd-common-1.0-m8.jar
7587f1089000-7587f10ff000 rw-p 00000000 00:00 0 
7587f10ff000-7587f1100000 ---p 00000000 00:00 0 
7587f1100000-7587f1200000 rw-p 00000000 00:00 0 
7587f1200000-7587f1228000 r--p 00000000 fc:00 11143305                   /usr/lib/x86_64-linux-gnu/libc.so.6
7587f1228000-7587f13bd000 r-xp 00028000 fc:00 11143305                   /usr/lib/x86_64-linux-gnu/libc.so.6
7587f13bd000-7587f1415000 r--p 001bd000 fc:00 11143305                   /usr/lib/x86_64-linux-gnu/libc.so.6
7587f1415000-7587f1416000 ---p 00215000 fc:00 11143305                   /usr/lib/x86_64-linux-gnu/libc.so.6
7587f1416000-7587f141a000 r--p 00215000 fc:00 11143305                   /usr/lib/x86_64-linux-gnu/libc.so.6
7587f141a000-7587f141c000 rw-p 00219000 fc:00 11143305                   /usr/lib/x86_64-linux-gnu/libc.so.6
7587f141c000-7587f1429000 rw-p 00000000 00:00 0 
7587f1429000-7587f1430000 r--s 000d3000 fc:00 8786319                    /home/kasun/.sdkman/candidates/java/8.0.382-amzn/jre/lib/jfr.jar
7587f1430000-7587f14ff000 rw-p 00000000 00:00 0 
7587f14ff000-7587f1500000 ---p 00000000 00:00 0 
7587f1500000-7587f1503000 ---p 00000000 00:00 0 
7587f1503000-7587f1600000 rw-p 00000000 00:00 0 
7587f1600000-7587f1618000 r-xp 00000000 fc:00 8786401                    /home/kasun/.sdkman/candidates/java/8.0.382-amzn/lib/amd64/jli/libjli.so
7587f1618000-7587f1817000 ---p 00018000 fc:00 8786401                    /home/kasun/.sdkman/candidates/java/8.0.382-amzn/lib/amd64/jli/libjli.so
7587f1817000-7587f1818000 r--p 00017000 fc:00 8786401                    /home/kasun/.sdkman/candidates/java/8.0.382-amzn/lib/amd64/jli/libjli.so
7587f1818000-7587f1819000 rw-p 00018000 fc:00 8786401                    /home/kasun/.sdkman/candidates/java/8.0.382-amzn/lib/amd64/jli/libjli.so
7587f1819000-7587f181a000 r--s 00007000 fc:00 9996330                    /home/kasun/.sdkman/candidates/mvnd/1.0-m8-m39/mvn/lib/maven-resolver-transport-wagon-1.9.16.jar
7587f181a000-7587f181b000 r--s 00008000 fc:00 10651610                   /home/kasun/.sdkman/candidates/mvnd/1.0-m8-m39/mvn/lib/mvnd/takari-smart-builder-0.6.4.jar
7587f181b000-7587f1826000 r--s 000ba000 fc:00 10651601                   /home/kasun/.sdkman/candidates/mvnd/1.0-m8-m39/mvn/lib/mvnd/mvnd-agent-1.0-m8.jar
7587f1826000-7587f1827000 r--p 00000000 fc:00 11145835                   /usr/lib/x86_64-linux-gnu/librt.so.1
7587f1827000-7587f1828000 r-xp 00001000 fc:00 11145835                   /usr/lib/x86_64-linux-gnu/librt.so.1
7587f1828000-7587f1829000 r--p 00002000 fc:00 11145835                   /usr/lib/x86_64-linux-gnu/librt.so.1
7587f1829000-7587f182a000 r--p 00002000 fc:00 11145835                   /usr/lib/x86_64-linux-gnu/librt.so.1
7587f182a000-7587f182b000 rw-p 00003000 fc:00 11145835                   /usr/lib/x86_64-linux-gnu/librt.so.1
7587f182b000-7587f1839000 r--p 00000000 fc:00 11143375                   /usr/lib/x86_64-linux-gnu/libm.so.6
7587f1839000-7587f18b5000 r-xp 0000e000 fc:00 11143375                   /usr/lib/x86_64-linux-gnu/libm.so.6
7587f18b5000-7587f1910000 r--p 0008a000 fc:00 11143375                   /usr/lib/x86_64-linux-gnu/libm.so.6
7587f1910000-7587f1911000 r--p 000e4000 fc:00 11143375                   /usr/lib/x86_64-linux-gnu/libm.so.6
7587f1911000-7587f1912000 rw-p 000e5000 fc:00 11143375                   /usr/lib/x86_64-linux-gnu/libm.so.6
7587f1912000-7587f1914000 rw-p 00000000 00:00 0 
7587f1914000-7587f1915000 r--p 00000000 fc:00 11143373                   /usr/lib/x86_64-linux-gnu/libdl.so.2
7587f1915000-7587f1916000 r-xp 00001000 fc:00 11143373                   /usr/lib/x86_64-linux-gnu/libdl.so.2
7587f1916000-7587f1917000 r--p 00002000 fc:00 11143373                   /usr/lib/x86_64-linux-gnu/libdl.so.2
7587f1917000-7587f1918000 r--p 00002000 fc:00 11143373                   /usr/lib/x86_64-linux-gnu/libdl.so.2
7587f1918000-7587f1919000 rw-p 00003000 fc:00 11143373                   /usr/lib/x86_64-linux-gnu/libdl.so.2
7587f1919000-7587f191a000 r--p 00000000 fc:00 11145833                   /usr/lib/x86_64-linux-gnu/libpthread.so.0
7587f191a000-7587f191b000 r-xp 00001000 fc:00 11145833                   /usr/lib/x86_64-linux-gnu/libpthread.so.0
7587f191b000-7587f191c000 r--p 00002000 fc:00 11145833                   /usr/lib/x86_64-linux-gnu/libpthread.so.0
7587f191c000-7587f191d000 r--p 00002000 fc:00 11145833                   /usr/lib/x86_64-linux-gnu/libpthread.so.0
7587f191d000-7587f191e000 rw-p 00003000 fc:00 11145833                   /usr/lib/x86_64-linux-gnu/libpthread.so.0
7587f191e000-7587f1921000 r--s 00018000 fc:00 10651609                   /home/kasun/.sdkman/candidates/mvnd/1.0-m8-m39/mvn/lib/mvnd/mvnd-daemon-1.0-m8.jar
7587f1921000-7587f1924000 r--s 0000b000 fc:00 9996301                    /home/kasun/.sdkman/candidates/mvnd/1.0-m8-m39/mvn/boot/plexus-classworlds-2.7.0.jar
7587f1924000-7587f1925000 r--s 00001000 fc:00 10651611                   /home/kasun/.sdkman/candidates/mvnd/1.0-m8-m39/mvn/lib/mvnd/mvnd-helper-agent-1.0-m8.jar
7587f1925000-7587f192d000 rw-s 00000000 fc:00 22544412                   /tmp/hsperfdata_kasun/50340
7587f192d000-7587f1930000 rw-p 00000000 00:00 0 
7587f1930000-7587f1932000 r--p 00000000 fc:00 11143268                   /usr/lib/x86_64-linux-gnu/ld-linux-x86-64.so.2
7587f1932000-7587f195c000 r-xp 00002000 fc:00 11143268                   /usr/lib/x86_64-linux-gnu/ld-linux-x86-64.so.2
7587f195c000-7587f1967000 r--p 0002c000 fc:00 11143268                   /usr/lib/x86_64-linux-gnu/ld-linux-x86-64.so.2
7587f1967000-7587f1968000 ---p 00000000 00:00 0 
7587f1968000-7587f196a000 r--p 00037000 fc:00 11143268                   /usr/lib/x86_64-linux-gnu/ld-linux-x86-64.so.2
7587f196a000-7587f196c000 rw-p 00039000 fc:00 11143268                   /usr/lib/x86_64-linux-gnu/ld-linux-x86-64.so.2
7ffd786cb000-7ffd786ee000 rw-p 00000000 00:00 0                          [stack]
7ffd78771000-7ffd78775000 r--p 00000000 00:00 0                          [vvar]
7ffd78775000-7ffd78777000 r-xp 00000000 00:00 0                          [vdso]
ffffffffff600000-ffffffffff601000 --xp 00000000 00:00 0                  [vsyscall]

VM Arguments:
jvm_args: -javaagent:/home/kasun/.sdkman/candidates/mvnd/1.0-m8-m39/mvn/lib/mvnd/mvnd-agent-1.0-m8.jar -Dmvnd.home=/home/kasun/.sdkman/candidates/mvnd/1.0-m8-m39 -Dmaven.home=/home/kasun/.sdkman/candidates/mvnd/1.0-m8-m39/mvn -Dmaven.conf=/home/kasun/.sdkman/candidates/mvnd/1.0-m8-m39/mvn/conf -Dclassworlds.conf=/home/kasun/.sdkman/candidates/mvnd/1.0-m8-m39/bin/mvnd-daemon.conf -Dorg.slf4j.simpleLogger.logFile=/home/kasun/.m2/mvnd/registry/1.0-m8/daemon-36390b10.log -Dmvnd.java.home=/home/kasun/.sdkman/candidates/java/8.0.382-amzn -Dmvnd.id=36390b10 -Dmvnd.daemonStorage=/home/kasun/.m2/mvnd/registry/1.0-m8 -Dmvnd.registry=/home/kasun/.m2/mvnd/registry/1.0-m8/registry.bin -Dmvnd.socketFamily=inet -Dmvnd.home=/home/kasun/.sdkman/candidates/mvnd/1.0-m8-m39 -Djdk.java.options=--add-opens java.base/java.io=ALL-UNNAMED --add-opens java.base/java.lang=ALL-UNNAMED --add-opens java.base/java.util=ALL-UNNAMED --add-opens java.base/sun.net.www.protocol.jar=ALL-UNNAMED --add-opens java.base/sun.nio.fs=ALL-UNNAMED -Dmvnd.noDaemon=false -Dmvnd.debug=false -Dmvnd.debug.address=8000 -Dmvnd.idleTimeout=3h -Dmvnd.keepAlive=100ms -Dmvnd.extClasspath= -Dmvnd.coreExtensions= -Dmvnd.enableAssertions=false -Dmvnd.expirationCheckDelay=10s -Dmvnd.duplicateDaemonGracePeriod=10s -Dmvnd.socketFamily=inet 
java_command: org.codehaus.plexus.classworlds.launcher.Launcher
java_class_path (initial): /home/kasun/.sdkman/candidates/mvnd/1.0-m8-m39/mvn/boot/plexus-classworlds-2.7.0.jar:/home/kasun/.sdkman/candidates/mvnd/1.0-m8-m39/mvn/lib/mvnd/mvnd-agent-1.0-m8.jar
Launcher Type: SUN_STANDARD

Environment Variables:
JAVA_HOME=/home/kasun/.sdkman/candidates/java/current
PATH=/home/kasun/.pyenv/shims:/home/kasun/.pyenv/bin:/home/linuxbrew/.linuxbrew/bin:/home/linuxbrew/.linuxbrew/sbin:/home/kasun/.nvm/versions/node/v16.16.0/bin:/home/kasun/.sdkman/candidates/mvnd/current/bin:/home/kasun/.sdkman/candidates/maven/current/bin:/home/kasun/.sdkman/candidates/java/current/bin:/home/kasun/Scripts:/usr/local/sbin:/usr/local/bin:/usr/sbin:/usr/bin:/sbin:/bin:/usr/games:/usr/local/games:/snap/bin:/snap/bin:/home/kasun/Installs/aws-iam-auth:/home/kasun/Installs/idea-IU-212.5284.40/bin:/home/kasun/Installs/liquibase:/home/kasun/scripts:/usr/local/go/bin
USERNAME=kasun
SHELL=/bin/bash
DISPLAY=:0

Signal Handlers:
SIGSEGV: [libjvm.so+0xb3da80], sa_mask[0]=11111111011111111101111111111110, sa_flags=SA_RESTART|SA_SIGINFO
SIGBUS: [libjvm.so+0xb3da80], sa_mask[0]=11111111011111111101111111111110, sa_flags=SA_RESTART|SA_SIGINFO
SIGFPE: [libjvm.so+0x9630c0], sa_mask[0]=11111111011111111101111111111110, sa_flags=SA_RESTART|SA_SIGINFO
SIGPIPE: SIG_IGN, sa_mask[0]=00000000000010000000000000000000, sa_flags=SA_RESTART
SIGXFSZ: [libjvm.so+0x9630c0], sa_mask[0]=11111111011111111101111111111110, sa_flags=SA_RESTART|SA_SIGINFO
SIGILL: [libjvm.so+0x9630c0], sa_mask[0]=11111111011111111101111111111110, sa_flags=SA_RESTART|SA_SIGINFO
SIGUSR1: SIG_DFL, sa_mask[0]=00000000000000000000000000000000, sa_flags=none
SIGUSR2: [libjvm.so+0x963670], sa_mask[0]=00100000000000000000000000000000, sa_flags=SA_RESTART|SA_SIGINFO
SIGHUP: [libjvm.so+0x9635b0], sa_mask[0]=11111111011111111101111111111110, sa_flags=SA_RESTART|SA_SIGINFO
SIGINT: SIG_IGN, sa_mask[0]=11111111011111111101111111111110, sa_flags=SA_RESTART|SA_SIGINFO
SIGTERM: [libjvm.so+0x9635b0], sa_mask[0]=11111111011111111101111111111110, sa_flags=SA_RESTART|SA_SIGINFO
SIGQUIT: [libjvm.so+0x9635b0], sa_mask[0]=11111111011111111101111111111110, sa_flags=SA_RESTART|SA_SIGINFO


---------------  S Y S T E M  ---------------

OS:DISTRIB_ID=Ubuntu
DISTRIB_RELEASE=22.04
DISTRIB_CODENAME=jammy
DISTRIB_DESCRIPTION="Ubuntu 22.04.4 LTS"

uname:Linux 6.5.0-35-generic #35~22.04.1-Ubuntu SMP PREEMPT_DYNAMIC Tue May  7 09:00:52 UTC 2 x86_64
libc:glibc 2.35 NPTL 2.35 
rlimit: STACK 8192k, CORE 0k, NPROC 94690, NOFILE 1048576, AS infinity
load average:4.35 3.32 2.12

/proc/meminfo:
MemTotal:       24321688 kB
MemFree:         2073172 kB
MemAvailable:    7634260 kB
Buffers:          196508 kB
Cached:          6071304 kB
SwapCached:        10800 kB
Active:          5306296 kB
Inactive:       15964512 kB
Active(anon):    4924872 kB
Inactive(anon): 10876868 kB
Active(file):     381424 kB
Inactive(file):  5087644 kB
Unevictable:          32 kB
Mlocked:              32 kB
SwapTotal:       1998844 kB
SwapFree:        1968968 kB
Zswap:                 0 kB
Zswapped:              0 kB
Dirty:            370512 kB
Writeback:             0 kB
AnonPages:      14992400 kB
Mapped:          2443408 kB
Shmem:            798744 kB
KReclaimable:     532936 kB
Slab:             752328 kB
SReclaimable:     532936 kB
SUnreclaim:       219392 kB
KernelStack:       29776 kB
PageTables:        95104 kB
SecPageTables:         0 kB
NFS_Unstable:          0 kB
Bounce:                0 kB
WritebackTmp:          0 kB
CommitLimit:    14159688 kB
Committed_AS:   28383404 kB
VmallocTotal:   34359738367 kB
VmallocUsed:       53512 kB
VmallocChunk:          0 kB
Percpu:             7680 kB
HardwareCorrupted:     0 kB
AnonHugePages:         0 kB
ShmemHugePages:        0 kB
ShmemPmdMapped:        0 kB
FileHugePages:         0 kB
FilePmdMapped:         0 kB
Unaccepted:            0 kB
HugePages_Total:       0
HugePages_Free:        0
HugePages_Rsvd:        0
HugePages_Surp:        0
Hugepagesize:       2048 kB
Hugetlb:               0 kB
DirectMap4k:      194496 kB
DirectMap2M:    24688640 kB

container (cgroup) information:
container_type: cgroupv2
cpu_cpuset_cpus: failed
cpu_memory_nodes: failed
active_processor_count: 8
cpu_quota: -2
cpu_period: -2
cpu_shares: -2
memory_limit_in_bytes: -1
memory_and_swap_limit_in_bytes: -1
memory_soft_limit_in_bytes: 0
memory_usage_in_bytes: 13723754496
memory_max_usage_in_bytes: -2


CPU:total 8 (initial active 8) (8 cores per cpu, 1 threads per core) family 6 model 141 stepping 1, cmov, cx8, fxsr, mmx, sse, sse2, sse3, ssse3, sse4.1, sse4.2, popcnt, avx, avx2, aes, clmul, 3dnowpref, lzcnt, tsc, tscinvbit, bmi1, bmi2

/proc/cpuinfo:
processor	: 0
vendor_id	: GenuineIntel
cpu family	: 6
model		: 141
model name	: 11th Gen Intel(R) Core(TM) i9-11900H @ 2.50GHz
stepping	: 1
cpu MHz		: 2495.998
cache size	: 24576 KB
physical id	: 0
siblings	: 8
core id		: 0
cpu cores	: 8
apicid		: 0
initial apicid	: 0
fpu		: yes
fpu_exception	: yes
cpuid level	: 22
wp		: yes
flags		: fpu vme de pse tsc msr pae mce cx8 apic sep mtrr pge mca cmov pat pse36 clflush mmx fxsr sse sse2 ht syscall nx rdtscp lm constant_tsc rep_good nopl xtopology nonstop_tsc cpuid tsc_known_freq pni pclmulqdq ssse3 cx16 pcid sse4_1 sse4_2 x2apic movbe popcnt aes xsave avx rdrand hypervisor lahf_lm abm 3dnowprefetch invpcid_single fsgsbase bmi1 avx2 bmi2 invpcid rdseed clflushopt md_clear flush_l1d arch_capabilities
bugs		: spectre_v1 spectre_v2 spec_store_bypass swapgs gds bhi
bogomips	: 4991.99
clflush size	: 64
cache_alignment	: 64
address sizes	: 39 bits physical, 48 bits virtual
power management:

processor	: 1
vendor_id	: GenuineIntel
cpu family	: 6
model		: 141
model name	: 11th Gen Intel(R) Core(TM) i9-11900H @ 2.50GHz
stepping	: 1
cpu MHz		: 2495.998
cache size	: 24576 KB
physical id	: 0
siblings	: 8
core id		: 1
cpu cores	: 8
apicid		: 1
initial apicid	: 1
fpu		: yes
fpu_exception	: yes
cpuid level	: 22
wp		: yes
flags		: fpu vme de pse tsc msr pae mce cx8 apic sep mtrr pge mca cmov pat pse36 clflush mmx fxsr sse sse2 ht syscall nx rdtscp lm constant_tsc rep_good nopl xtopology nonstop_tsc cpuid tsc_known_freq pni pclmulqdq ssse3 cx16 pcid sse4_1 sse4_2 x2apic movbe popcnt aes xsave avx rdrand hypervisor lahf_lm abm 3dnowprefetch invpcid_single fsgsbase bmi1 avx2 bmi2 invpcid rdseed clflushopt md_clear flush_l1d arch_capabilities
bugs		: spectre_v1 spectre_v2 spec_store_bypass swapgs gds bhi
bogomips	: 4991.99
clflush size	: 64
cache_alignment	: 64
address sizes	: 39 bits physical, 48 bits virtual
power management:

processor	: 2
vendor_id	: GenuineIntel
cpu family	: 6
model		: 141
model name	: 11th Gen Intel(R) Core(TM) i9-11900H @ 2.50GHz
stepping	: 1
cpu MHz		: 2495.998
cache size	: 24576 KB
physical id	: 0
siblings	: 8
core id		: 2
cpu cores	: 8
apicid		: 2
initial apicid	: 2
fpu		: yes
fpu_exception	: yes
cpuid level	: 22
wp		: yes
flags		: fpu vme de pse tsc msr pae mce cx8 apic sep mtrr pge mca cmov pat pse36 clflush mmx fxsr sse sse2 ht syscall nx rdtscp lm constant_tsc rep_good nopl xtopology nonstop_tsc cpuid tsc_known_freq pni pclmulqdq ssse3 cx16 pcid sse4_1 sse4_2 x2apic movbe popcnt aes xsave avx rdrand hypervisor lahf_lm abm 3dnowprefetch invpcid_single fsgsbase bmi1 avx2 bmi2 invpcid rdseed clflushopt md_clear flush_l1d arch_capabilities
bugs		: spectre_v1 spectre_v2 spec_store_bypass swapgs gds bhi
bogomips	: 4991.99
clflush size	: 64
cache_alignment	: 64
address sizes	: 39 bits physical, 48 bits virtual
power management:

processor	: 3
vendor_id	: GenuineIntel
cpu family	: 6
model		: 141
model name	: 11th Gen Intel(R) Core(TM) i9-11900H @ 2.50GHz
stepping	: 1
cpu MHz		: 2495.998
cache size	: 24576 KB
physical id	: 0
siblings	: 8
core id		: 3
cpu cores	: 8
apicid		: 3
initial apicid	: 3
fpu		: yes
fpu_exception	: yes
cpuid level	: 22
wp		: yes
flags		: fpu vme de pse tsc msr pae mce cx8 apic sep mtrr pge mca cmov pat pse36 clflush mmx fxsr sse sse2 ht syscall nx rdtscp lm constant_tsc rep_good nopl xtopology nonstop_tsc cpuid tsc_known_freq pni pclmulqdq ssse3 cx16 pcid sse4_1 sse4_2 x2apic movbe popcnt aes xsave avx rdrand hypervisor lahf_lm abm 3dnowprefetch invpcid_single fsgsbase bmi1 avx2 bmi2 invpcid rdseed clflushopt md_clear flush_l1d arch_capabilities
bugs		: spectre_v1 spectre_v2 spec_store_bypass swapgs gds bhi
bogomips	: 4991.99
clflush size	: 64
cache_alignment	: 64
address sizes	: 39 bits physical, 48 bits virtual
power management:

processor	: 4
vendor_id	: GenuineIntel
cpu family	: 6
model		: 141
model name	: 11th Gen Intel(R) Core(TM) i9-11900H @ 2.50GHz
stepping	: 1
cpu MHz		: 2495.998
cache size	: 24576 KB
physical id	: 0
siblings	: 8
core id		: 4
cpu cores	: 8
apicid		: 4
initial apicid	: 4
fpu		: yes
fpu_exception	: yes
cpuid level	: 22
wp		: yes
flags		: fpu vme de pse tsc msr pae mce cx8 apic sep mtrr pge mca cmov pat pse36 clflush mmx fxsr sse sse2 ht syscall nx rdtscp lm constant_tsc rep_good nopl xtopology nonstop_tsc cpuid tsc_known_freq pni pclmulqdq ssse3 cx16 pcid sse4_1 sse4_2 x2apic movbe popcnt aes xsave avx rdrand hypervisor lahf_lm abm 3dnowprefetch invpcid_single fsgsbase bmi1 avx2 bmi2 invpcid rdseed clflushopt md_clear flush_l1d arch_capabilities
bugs		: spectre_v1 spectre_v2 spec_store_bypass swapgs gds bhi
bogomips	: 4991.99
clflush size	: 64
cache_alignment	: 64
address sizes	: 39 bits physical, 48 bits virtual
power management:

processor	: 5
vendor_id	: GenuineIntel
cpu family	: 6
model		: 141
model name	: 11th Gen Intel(R) Core(TM) i9-11900H @ 2.50GHz
stepping	: 1
cpu MHz		: 2495.998
cache size	: 24576 KB
physical id	: 0
siblings	: 8
core id		: 5
cpu cores	: 8
apicid		: 5
initial apicid	: 5
fpu		: yes
fpu_exception	: yes
cpuid level	: 22
wp		: yes
flags		: fpu vme de pse tsc msr pae mce cx8 apic sep mtrr pge mca cmov pat pse36 clflush mmx fxsr sse sse2 ht syscall nx rdtscp lm constant_tsc rep_good nopl xtopology nonstop_tsc cpuid tsc_known_freq pni pclmulqdq ssse3 cx16 pcid sse4_1 sse4_2 x2apic movbe popcnt aes xsave avx rdrand hypervisor lahf_lm abm 3dnowprefetch invpcid_single fsgsbase bmi1 avx2 bmi2 invpcid rdseed clflushopt md_clear flush_l1d arch_capabilities
bugs		: spectre_v1 spectre_v2 spec_store_bypass swapgs gds bhi
bogomips	: 4991.99
clflush size	: 64
cache_alignment	: 64
address sizes	: 39 bits physical, 48 bits virtual
power management:

processor	: 6
vendor_id	: GenuineIntel
cpu family	: 6
model		: 141
model name	: 11th Gen Intel(R) Core(TM) i9-11900H @ 2.50GHz
stepping	: 1
cpu MHz		: 2495.998
cache size	: 24576 KB
physical id	: 0
siblings	: 8
core id		: 6
cpu cores	: 8
apicid		: 6
initial apicid	: 6
fpu		: yes
fpu_exception	: yes
cpuid level	: 22
wp		: yes
flags		: fpu vme de pse tsc msr pae mce cx8 apic sep mtrr pge mca cmov pat pse36 clflush mmx fxsr sse sse2 ht syscall nx rdtscp lm constant_tsc rep_good nopl xtopology nonstop_tsc cpuid tsc_known_freq pni pclmulqdq ssse3 cx16 pcid sse4_1 sse4_2 x2apic movbe popcnt aes xsave avx rdrand hypervisor lahf_lm abm 3dnowprefetch invpcid_single fsgsbase bmi1 avx2 bmi2 invpcid rdseed clflushopt md_clear flush_l1d arch_capabilities
bugs		: spectre_v1 spectre_v2 spec_store_bypass swapgs gds bhi
bogomips	: 4991.99
clflush size	: 64
cache_alignment	: 64
address sizes	: 39 bits physical, 48 bits virtual
power management:

processor	: 7
vendor_id	: GenuineIntel
cpu family	: 6
model		: 141
model name	: 11th Gen Intel(R) Core(TM) i9-11900H @ 2.50GHz
stepping	: 1
cpu MHz		: 2495.998
cache size	: 24576 KB
physical id	: 0
siblings	: 8
core id		: 7
cpu cores	: 8
apicid		: 7
initial apicid	: 7
fpu		: yes
fpu_exception	: yes
cpuid level	: 22
wp		: yes
flags		: fpu vme de pse tsc msr pae mce cx8 apic sep mtrr pge mca cmov pat pse36 clflush mmx fxsr sse sse2 ht syscall nx rdtscp lm constant_tsc rep_good nopl xtopology nonstop_tsc cpuid tsc_known_freq pni pclmulqdq ssse3 cx16 pcid sse4_1 sse4_2 x2apic movbe popcnt aes xsave avx rdrand hypervisor lahf_lm abm 3dnowprefetch invpcid_single fsgsbase bmi1 avx2 bmi2 invpcid rdseed clflushopt md_clear flush_l1d arch_capabilities
bugs		: spectre_v1 spectre_v2 spec_store_bypass swapgs gds bhi
bogomips	: 4991.99
clflush size	: 64
cache_alignment	: 64
address sizes	: 39 bits physical, 48 bits virtual
power management:



Memory: 4k page, physical 24321688k(2073172k free), swap 1998844k(1968968k free)

vm_info: OpenJDK 64-Bit Server VM (25.382-b05) for linux-amd64 JRE (1.8.0_382-b05), built on Jul 13 2023 22:52:43 by "jenkins" with gcc 7.3.1 20180303 (Red Hat 7.3.1-5)

time: Wed May 15 18:42:05 2024
timezone: BST
elapsed time: 267.890280 seconds (0d 0h 4m 27s)

